id	name	kind	cd	prob	troop_selector	selector_dst	target_num	initial_cd_ready	effects	visual_id
ID	Name	Kind	CD	Prob	TroopSelector	SelectorDst	TargetNum	InitialCDReady	Effects	VisualID
索引ID	技能名称	技能类型(attack/passive/active/on_kill/on_hit/on_death)	冷却回合数(0=无CD)	触发概率(0~1)	目标选择器	AOE范围距离	AOE最多目标数	进入战斗时能否立即释放(true=可以,false=满CD起手)	技能效果列表(JSON数组，必填非空，取代args的执行路径)	客户端特效/图标标识(必须>0)
1002	攻击锐化	passive	0	1.0	self	0	0	false	[{"type":"attr_mod","attr_target":"atk_pct","value":0.2}]	1
100202	攻击锐化2级	passive	0	1.0	self	0	0	false	[{"type":"attr_mod","attr_target":"atk_pct","value":0.24}]	1
100203	攻击锐化3级	passive	0	1.0	self	0	0	false	[{"type":"attr_mod","attr_target":"atk_pct","value":0.28}]	1
100204	攻击锐化4级	passive	0	1.0	self	0	0	false	[{"type":"attr_mod","attr_target":"atk_pct","value":0.32}]	1
100205	攻击锐化5级	passive	0	1.0	self	0	0	false	[{"type":"attr_mod","attr_target":"atk_pct","value":0.36}]	1
1001	爆发冲击	active	5	0.65	enemy	0	0	false	[{"type":"damage","coef":1.5,"target":"selected"}]	1
100102	爆发冲击2级	active	5	0.7	enemy	0	0	false	[{"type":"damage","coef":1.5,"target":"selected"}]	1
100103	爆发冲击3级	active	5	0.75	enemy	0	0	false	[{"type":"damage","coef":1.5,"target":"selected"}]	1
100104	爆发冲击4级	active	5	0.8	enemy	0	0	false	[{"type":"damage","coef":1.5,"target":"selected"}]	1
100105	爆发冲击5级	active	5	0.85	enemy	0	0	false	[{"type":"damage","coef":1.5,"target":"selected"}]	1
1010	格挡	passive	0	0.4	self	0	0	false	[{"type":"attr_mod","attr_target":"def_pct","value":0.5}]	1
101002	格挡2级	passive	0	0.4	self	0	0	false	[{"type":"attr_mod","attr_target":"def_pct","value":0.54}]	1
101003	格挡3级	passive	0	0.4	self	0	0	false	[{"type":"attr_mod","attr_target":"def_pct","value":0.58}]	1
101004	格挡4级	passive	0	0.4	self	0	0	false	[{"type":"attr_mod","attr_target":"def_pct","value":0.62}]	1
101005	格挡5级	passive	0	0.4	self	0	0	false	[{"type":"attr_mod","attr_target":"def_pct","value":0.66}]	1
1003	战场治愈	active	4	0.65	self	0	0	false	[{"type":"heal","rate":0.15,"target":"self"}]	1
100302	战场治愈2级	active	4	0.7	self	0	0	false	[{"type":"heal","rate":0.15,"target":"self"}]	1
100303	战场治愈3级	active	4	0.75	self	0	0	false	[{"type":"heal","rate":0.15,"target":"self"}]	1
100304	战场治愈4级	active	4	0.8	self	0	0	false	[{"type":"heal","rate":0.15,"target":"self"}]	1
100305	战场治愈5级	active	4	0.85	self	0	0	false	[{"type":"heal","rate":0.15,"target":"self"}]	1
1007	穿透斩	active	4	0.65	enemy	0	0	false	[{"type":"damage","coef":1.2,"penetrate":0.5,"target":"selected"}]	1
100702	穿透斩2级	active	4	0.7	enemy	0	0	false	[{"type":"damage","coef":1.2,"penetrate":0.5,"target":"selected"}]	1
100703	穿透斩3级	active	4	0.75	enemy	0	0	false	[{"type":"damage","coef":1.2,"penetrate":0.5,"target":"selected"}]	1
100704	穿透斩4级	active	4	0.8	enemy	0	0	false	[{"type":"damage","coef":1.2,"penetrate":0.5,"target":"selected"}]	1
100705	穿透斩5级	active	4	0.85	enemy	0	0	false	[{"type":"damage","coef":1.2,"penetrate":0.5,"target":"selected"}]	1
1004	绝境反击	passive	0	1.0	self	0	0	false	[{"type":"attr_mod","attr_target":"def_pct","value":0.3,"condition":{"kind":"hp_pct_below","threshold":0.5}}]	1
100402	绝境反击2级	passive	0	1.0	self	0	0	false	[{"type":"attr_mod","attr_target":"def_pct","value":0.34,"condition":{"kind":"hp_pct_below","threshold":0.5}}]	1
100403	绝境反击3级	passive	0	1.0	self	0	0	false	[{"type":"attr_mod","attr_target":"def_pct","value":0.38,"condition":{"kind":"hp_pct_below","threshold":0.5}}]	1
100404	绝境反击4级	passive	0	1.0	self	0	0	false	[{"type":"attr_mod","attr_target":"def_pct","value":0.42,"condition":{"kind":"hp_pct_below","threshold":0.5}}]	1
100405	绝境反击5级	passive	0	1.0	self	0	0	false	[{"type":"attr_mod","attr_target":"def_pct","value":0.46,"condition":{"kind":"hp_pct_below","threshold":0.5}}]	1
1011	暴击打击	active	4	0.65	enemy	0	0	false	[{"type":"damage","coef":1.0,"crit_mult":2.5,"crit_rate":0.35,"target":"selected"}]	1
101102	暴击打击2级	active	4	0.7	enemy	0	0	false	[{"type":"damage","coef":1.0,"crit_mult":2.5,"crit_rate":0.35,"target":"selected"}]	1
101103	暴击打击3级	active	4	0.75	enemy	0	0	false	[{"type":"damage","coef":1.0,"crit_mult":2.5,"crit_rate":0.35,"target":"selected"}]	1
101104	暴击打击4级	active	4	0.8	enemy	0	0	false	[{"type":"damage","coef":1.0,"crit_mult":2.5,"crit_rate":0.35,"target":"selected"}]	1
101105	暴击打击5级	active	4	0.85	enemy	0	0	false	[{"type":"damage","coef":1.0,"crit_mult":2.5,"crit_rate":0.35,"target":"selected"}]	1
1017	击杀治愈	on_kill	0	0.65	self	0	0	false	[{"type":"heal","rate":0.1,"target":"self"}]	1
101702	击杀治愈2级	on_kill	0	0.7	self	0	0	false	[{"type":"heal","rate":0.1,"target":"self"}]	1
101703	击杀治愈3级	on_kill	0	0.75	self	0	0	false	[{"type":"heal","rate":0.1,"target":"self"}]	1
101704	击杀治愈4级	on_kill	0	0.8	self	0	0	false	[{"type":"heal","rate":0.1,"target":"self"}]	1
101705	击杀治愈5级	on_kill	0	0.85	self	0	0	false	[{"type":"heal","rate":0.1,"target":"self"}]	1
1018	荆棘反伤	on_hit	0	0.65	cur_attacker	0	0	false	[{"type":"damage","coef":0.3,"target":"source"}]	1
101802	荆棘反伤2级	on_hit	0	0.7	cur_attacker	0	0	false	[{"type":"damage","coef":0.3,"target":"source"}]	1
101803	荆棘反伤3级	on_hit	0	0.75	cur_attacker	0	0	false	[{"type":"damage","coef":0.3,"target":"source"}]	1
101804	荆棘反伤4级	on_hit	0	0.8	cur_attacker	0	0	false	[{"type":"damage","coef":0.3,"target":"source"}]	1
101805	荆棘反伤5级	on_hit	0	0.85	cur_attacker	0	0	false	[{"type":"damage","coef":0.3,"target":"source"}]	1
1012	破甲	active	5	0.65	enemy	0	0	false	[{"type":"damage","coef":1.0,"target":"selected"}]	1
101202	破甲2级	active	5	0.7	enemy	0	0	false	[{"type":"damage","coef":1.0,"target":"selected"}]	1
101203	破甲3级	active	5	0.75	enemy	0	0	false	[{"type":"damage","coef":1.0,"target":"selected"}]	1
101204	破甲4级	active	5	0.8	enemy	0	0	false	[{"type":"damage","coef":1.0,"target":"selected"}]	1
101205	破甲5级	active	5	0.85	enemy	0	0	false	[{"type":"damage","coef":1.0,"target":"selected"}]	1
1009	吸血斩	active	4	0.65	enemy	0	0	false	[{"type":"damage","coef":1.1,"target":"selected"},{"type":"heal","rate":0.12,"target":"self"}]	1
100902	吸血斩2级	active	4	0.7	enemy	0	0	false	[{"type":"damage","coef":1.1,"target":"selected"},{"type":"heal","rate":0.12,"target":"self"}]	1
100903	吸血斩3级	active	4	0.75	enemy	0	0	false	[{"type":"damage","coef":1.1,"target":"selected"},{"type":"heal","rate":0.12,"target":"self"}]	1
100904	吸血斩4级	active	4	0.8	enemy	0	0	false	[{"type":"damage","coef":1.1,"target":"selected"},{"type":"heal","rate":0.12,"target":"self"}]	1
100905	吸血斩5级	active	4	0.85	enemy	0	0	false	[{"type":"damage","coef":1.1,"target":"selected"},{"type":"heal","rate":0.12,"target":"self"}]	1
1008	连锁冲击	active	5	0.65	round_enemy	35000	4	false	[{"type":"damage","coef":1.0,"decay":0.5,"target":"selected"}]	1
100802	连锁冲击2级	active	5	0.7	round_enemy	35000	4	false	[{"type":"damage","coef":1.0,"decay":0.5,"target":"selected"}]	1
100803	连锁冲击3级	active	5	0.75	round_enemy	35000	4	false	[{"type":"damage","coef":1.0,"decay":0.5,"target":"selected"}]	1
100804	连锁冲击4级	active	5	0.8	round_enemy	35000	4	false	[{"type":"damage","coef":1.0,"decay":0.5,"target":"selected"}]	1
100805	连锁冲击5级	active	5	0.85	round_enemy	35000	4	false	[{"type":"damage","coef":1.0,"decay":0.5,"target":"selected"}]	1
1005	圆形AOE冲击	active	5	0.8	round_enemy	30000	3	false	[{"type":"damage","coef":1.2,"target":"selected"}]	1
1006	扇形AOE冲击	active	6	0.7	front_enemy	40000	3	false	[{"type":"damage","coef":1.0,"target":"selected"}]	1
1014	召唤援军	active	8	1	self	0	0	false	[{"type":"revive","rate":0.15,"target":"self"}]	12
1015	毒刃	active	4	0.85	enemy	0	0	false	[{"type":"damage","coef":1.0,"target":"selected"}]	13
1016	晕眩打击	active	6	0.7	enemy	0	0	false	[{"type":"damage","coef":0.9,"target":"selected"}]	14
