level	gather_speed_add	load_add	load_base	storage	upgrade_cost	upgrade_duration_sec	skill_slots
Level	GatherSpeedAdd	LoadAdd	LoadBase	Storage	UpgradeCost	UpgradeDurationSec	SkillSlots
主城等级	采集速度加成(万分比,全部资源)	部队负重加成(万分比,作用于兵种负重合计)	基础负重(与人数无关,0=纯线性)	资源仓储容量	升级各资源消耗	升级秒数(满级为0)	部队可同时配置的技能槽位数(整支部队一组,不分兵种)
1	0	0	0	[{"kind":"vm","id":11151001,"val":50000},{"kind":"vm","id":11151006,"val":15000},{"kind":"vm","id":11151007,"val":12000},{"kind":"vm","id":11151008,"val":10000}]	[{"kind":"vm","id":11151001,"val":350},{"kind":"vm","id":11151006,"val":75},{"kind":"vm","id":11151007,"val":50},{"kind":"vm","id":11151008,"val":25}]	60	1
2	300	200	0	[{"kind":"vm","id":11151001,"val":100000},{"kind":"vm","id":11151006,"val":30000},{"kind":"vm","id":11151007,"val":24000},{"kind":"vm","id":11151008,"val":20000}]	[{"kind":"vm","id":11151001,"val":700},{"kind":"vm","id":11151006,"val":150},{"kind":"vm","id":11151007,"val":100},{"kind":"vm","id":11151008,"val":50}]	90	1
3	600	400	0	[{"kind":"vm","id":11151001,"val":150000},{"kind":"vm","id":11151006,"val":45000},{"kind":"vm","id":11151007,"val":36000},{"kind":"vm","id":11151008,"val":30000}]	[{"kind":"vm","id":11151001,"val":1050},{"kind":"vm","id":11151006,"val":225},{"kind":"vm","id":11151007,"val":150},{"kind":"vm","id":11151008,"val":75}]	120	1
4	900	600	0	[{"kind":"vm","id":11151001,"val":200000},{"kind":"vm","id":11151006,"val":60000},{"kind":"vm","id":11151007,"val":48000},{"kind":"vm","id":11151008,"val":40000}]	[{"kind":"vm","id":11151001,"val":1400},{"kind":"vm","id":11151006,"val":300},{"kind":"vm","id":11151007,"val":200},{"kind":"vm","id":11151008,"val":100}]	150	1
5	1200	700	0	[{"kind":"vm","id":11151001,"val":250000},{"kind":"vm","id":11151006,"val":75000},{"kind":"vm","id":11151007,"val":60000},{"kind":"vm","id":11151008,"val":50000}]	[{"kind":"vm","id":11151001,"val":1750},{"kind":"vm","id":11151006,"val":375},{"kind":"vm","id":11151007,"val":250},{"kind":"vm","id":11151008,"val":125}]	180	1
6	1600	800	0	[{"kind":"vm","id":11151001,"val":300000},{"kind":"vm","id":11151006,"val":90000},{"kind":"vm","id":11151007,"val":72000},{"kind":"vm","id":11151008,"val":60000}]	[{"kind":"vm","id":11151001,"val":2100},{"kind":"vm","id":11151006,"val":450},{"kind":"vm","id":11151007,"val":300},{"kind":"vm","id":11151008,"val":150}]	210	2
7	2000	900	0	[{"kind":"vm","id":11151001,"val":350000},{"kind":"vm","id":11151006,"val":105000},{"kind":"vm","id":11151007,"val":84000},{"kind":"vm","id":11151008,"val":70000}]	[{"kind":"vm","id":11151001,"val":2450},{"kind":"vm","id":11151006,"val":525},{"kind":"vm","id":11151007,"val":350},{"kind":"vm","id":11151008,"val":175}]	240	2
8	2600	1100	0	[{"kind":"vm","id":11151001,"val":400000},{"kind":"vm","id":11151006,"val":120000},{"kind":"vm","id":11151007,"val":96000},{"kind":"vm","id":11151008,"val":80000}]	[{"kind":"vm","id":11151001,"val":2800},{"kind":"vm","id":11151006,"val":600},{"kind":"vm","id":11151007,"val":400},{"kind":"vm","id":11151008,"val":200}]	270	2
9	3200	1250	0	[{"kind":"vm","id":11151001,"val":450000},{"kind":"vm","id":11151006,"val":135000},{"kind":"vm","id":11151007,"val":108000},{"kind":"vm","id":11151008,"val":90000}]	[{"kind":"vm","id":11151001,"val":3150},{"kind":"vm","id":11151006,"val":675},{"kind":"vm","id":11151007,"val":450},{"kind":"vm","id":11151008,"val":225}]	300	2
10	4000	1400	0	[{"kind":"vm","id":11151001,"val":500000},{"kind":"vm","id":11151006,"val":150000},{"kind":"vm","id":11151007,"val":120000},{"kind":"vm","id":11151008,"val":100000}]	[{"kind":"vm","id":11151001,"val":3500},{"kind":"vm","id":11151006,"val":750},{"kind":"vm","id":11151007,"val":500},{"kind":"vm","id":11151008,"val":250}]	330	2
11	4400	1550	0	[{"kind":"vm","id":11151001,"val":550000},{"kind":"vm","id":11151006,"val":165000},{"kind":"vm","id":11151007,"val":132000},{"kind":"vm","id":11151008,"val":110000}]	[{"kind":"vm","id":11151001,"val":3850},{"kind":"vm","id":11151006,"val":825},{"kind":"vm","id":11151007,"val":550},{"kind":"vm","id":11151008,"val":275}]	360	2
12	4800	1700	0	[{"kind":"vm","id":11151001,"val":600000},{"kind":"vm","id":11151006,"val":180000},{"kind":"vm","id":11151007,"val":144000},{"kind":"vm","id":11151008,"val":120000}]	[{"kind":"vm","id":11151001,"val":4200},{"kind":"vm","id":11151006,"val":900},{"kind":"vm","id":11151007,"val":600},{"kind":"vm","id":11151008,"val":300}]	390	2
13	5200	1850	0	[{"kind":"vm","id":11151001,"val":650000},{"kind":"vm","id":11151006,"val":195000},{"kind":"vm","id":11151007,"val":156000},{"kind":"vm","id":11151008,"val":130000}]	[{"kind":"vm","id":11151001,"val":4550},{"kind":"vm","id":11151006,"val":975},{"kind":"vm","id":11151007,"val":650},{"kind":"vm","id":11151008,"val":325}]	420	2
14	5600	2000	0	[{"kind":"vm","id":11151001,"val":700000},{"kind":"vm","id":11151006,"val":210000},{"kind":"vm","id":11151007,"val":168000},{"kind":"vm","id":11151008,"val":140000}]	[{"kind":"vm","id":11151001,"val":4900},{"kind":"vm","id":11151006,"val":1050},{"kind":"vm","id":11151007,"val":700},{"kind":"vm","id":11151008,"val":350}]	450	2
15	6000	2150	0	[{"kind":"vm","id":11151001,"val":750000},{"kind":"vm","id":11151006,"val":225000},{"kind":"vm","id":11151007,"val":180000},{"kind":"vm","id":11151008,"val":150000}]	[{"kind":"vm","id":11151001,"val":5250},{"kind":"vm","id":11151006,"val":1125},{"kind":"vm","id":11151007,"val":750},{"kind":"vm","id":11151008,"val":375}]	480	2
16	6400	2300	0	[{"kind":"vm","id":11151001,"val":800000},{"kind":"vm","id":11151006,"val":240000},{"kind":"vm","id":11151007,"val":192000},{"kind":"vm","id":11151008,"val":160000}]	[{"kind":"vm","id":11151001,"val":5600},{"kind":"vm","id":11151006,"val":1200},{"kind":"vm","id":11151007,"val":800},{"kind":"vm","id":11151008,"val":400}]	510	3
17	6800	2450	0	[{"kind":"vm","id":11151001,"val":850000},{"kind":"vm","id":11151006,"val":255000},{"kind":"vm","id":11151007,"val":204000},{"kind":"vm","id":11151008,"val":170000}]	[{"kind":"vm","id":11151001,"val":5950},{"kind":"vm","id":11151006,"val":1275},{"kind":"vm","id":11151007,"val":850},{"kind":"vm","id":11151008,"val":425}]	540	3
18	7200	2600	0	[{"kind":"vm","id":11151001,"val":900000},{"kind":"vm","id":11151006,"val":270000},{"kind":"vm","id":11151007,"val":216000},{"kind":"vm","id":11151008,"val":180000}]	[{"kind":"vm","id":11151001,"val":6300},{"kind":"vm","id":11151006,"val":1350},{"kind":"vm","id":11151007,"val":900},{"kind":"vm","id":11151008,"val":450}]	570	3
19	7600	2750	0	[{"kind":"vm","id":11151001,"val":950000},{"kind":"vm","id":11151006,"val":285000},{"kind":"vm","id":11151007,"val":228000},{"kind":"vm","id":11151008,"val":190000}]	[{"kind":"vm","id":11151001,"val":6650},{"kind":"vm","id":11151006,"val":1425},{"kind":"vm","id":11151007,"val":950},{"kind":"vm","id":11151008,"val":475}]	600	3
20	8000	2900	0	[{"kind":"vm","id":11151001,"val":1000000},{"kind":"vm","id":11151006,"val":300000},{"kind":"vm","id":11151007,"val":240000},{"kind":"vm","id":11151008,"val":200000}]	[{"kind":"vm","id":11151001,"val":7000},{"kind":"vm","id":11151006,"val":1500},{"kind":"vm","id":11151007,"val":1000},{"kind":"vm","id":11151008,"val":500}]	630	3
21	8400	3050	0	[{"kind":"vm","id":11151001,"val":1050000},{"kind":"vm","id":11151006,"val":315000},{"kind":"vm","id":11151007,"val":252000},{"kind":"vm","id":11151008,"val":210000}]	[{"kind":"vm","id":11151001,"val":7350},{"kind":"vm","id":11151006,"val":1575},{"kind":"vm","id":11151007,"val":1050},{"kind":"vm","id":11151008,"val":525}]	660	3
22	8800	3200	0	[{"kind":"vm","id":11151001,"val":1100000},{"kind":"vm","id":11151006,"val":330000},{"kind":"vm","id":11151007,"val":264000},{"kind":"vm","id":11151008,"val":220000}]	[{"kind":"vm","id":11151001,"val":7700},{"kind":"vm","id":11151006,"val":1650},{"kind":"vm","id":11151007,"val":1100},{"kind":"vm","id":11151008,"val":550}]	690	3
23	9200	3350	0	[{"kind":"vm","id":11151001,"val":1150000},{"kind":"vm","id":11151006,"val":345000},{"kind":"vm","id":11151007,"val":276000},{"kind":"vm","id":11151008,"val":230000}]	[{"kind":"vm","id":11151001,"val":8050},{"kind":"vm","id":11151006,"val":1725},{"kind":"vm","id":11151007,"val":1150},{"kind":"vm","id":11151008,"val":575}]	720	3
24	9600	3500	0	[{"kind":"vm","id":11151001,"val":1200000},{"kind":"vm","id":11151006,"val":360000},{"kind":"vm","id":11151007,"val":288000},{"kind":"vm","id":11151008,"val":240000}]	[{"kind":"vm","id":11151001,"val":8400},{"kind":"vm","id":11151006,"val":1800},{"kind":"vm","id":11151007,"val":1200},{"kind":"vm","id":11151008,"val":600}]	750	3
25	10000	3650	0	[{"kind":"vm","id":11151001,"val":1250000},{"kind":"vm","id":11151006,"val":375000},{"kind":"vm","id":11151007,"val":300000},{"kind":"vm","id":11151008,"val":250000}]	[{"kind":"vm","id":11151001,"val":8750},{"kind":"vm","id":11151006,"val":1875},{"kind":"vm","id":11151007,"val":1250},{"kind":"vm","id":11151008,"val":625}]	780	3
26	10400	3800	0	[{"kind":"vm","id":11151001,"val":1300000},{"kind":"vm","id":11151006,"val":390000},{"kind":"vm","id":11151007,"val":312000},{"kind":"vm","id":11151008,"val":260000}]	[{"kind":"vm","id":11151001,"val":9100},{"kind":"vm","id":11151006,"val":1950},{"kind":"vm","id":11151007,"val":1300},{"kind":"vm","id":11151008,"val":650}]	810	3
27	10800	3950	0	[{"kind":"vm","id":11151001,"val":1350000},{"kind":"vm","id":11151006,"val":405000},{"kind":"vm","id":11151007,"val":324000},{"kind":"vm","id":11151008,"val":270000}]	[{"kind":"vm","id":11151001,"val":9450},{"kind":"vm","id":11151006,"val":2025},{"kind":"vm","id":11151007,"val":1350},{"kind":"vm","id":11151008,"val":675}]	840	3
28	11200	4100	0	[{"kind":"vm","id":11151001,"val":1400000},{"kind":"vm","id":11151006,"val":420000},{"kind":"vm","id":11151007,"val":336000},{"kind":"vm","id":11151008,"val":280000}]	[{"kind":"vm","id":11151001,"val":9800},{"kind":"vm","id":11151006,"val":2100},{"kind":"vm","id":11151007,"val":1400},{"kind":"vm","id":11151008,"val":700}]	870	3
29	11600	4250	0	[{"kind":"vm","id":11151001,"val":1450000},{"kind":"vm","id":11151006,"val":435000},{"kind":"vm","id":11151007,"val":348000},{"kind":"vm","id":11151008,"val":290000}]	[{"kind":"vm","id":11151001,"val":10500},{"kind":"vm","id":11151006,"val":2250},{"kind":"vm","id":11151007,"val":1500},{"kind":"vm","id":11151008,"val":750}]	960	3
30	12000	4400	0	[{"kind":"vm","id":11151001,"val":1500000},{"kind":"vm","id":11151006,"val":450000},{"kind":"vm","id":11151007,"val":360000},{"kind":"vm","id":11151008,"val":300000}]	[{"kind":"vm","id":11151001,"val":11200},{"kind":"vm","id":11151006,"val":2400},{"kind":"vm","id":11151007,"val":1600},{"kind":"vm","id":11151008,"val":800}]	1050	3
31	12400	4550	0	[{"kind":"vm","id":11151001,"val":1550000},{"kind":"vm","id":11151006,"val":465000},{"kind":"vm","id":11151007,"val":372000},{"kind":"vm","id":11151008,"val":310000}]	[{"kind":"vm","id":11151001,"val":11900},{"kind":"vm","id":11151006,"val":2550},{"kind":"vm","id":11151007,"val":1700},{"kind":"vm","id":11151008,"val":850}]	1140	4
32	12800	4700	0	[{"kind":"vm","id":11151001,"val":1600000},{"kind":"vm","id":11151006,"val":480000},{"kind":"vm","id":11151007,"val":384000},{"kind":"vm","id":11151008,"val":320000}]	[{"kind":"vm","id":11151001,"val":12600},{"kind":"vm","id":11151006,"val":2700},{"kind":"vm","id":11151007,"val":1800},{"kind":"vm","id":11151008,"val":900}]	1230	4
33	13200	4850	0	[{"kind":"vm","id":11151001,"val":1650000},{"kind":"vm","id":11151006,"val":495000},{"kind":"vm","id":11151007,"val":396000},{"kind":"vm","id":11151008,"val":330000}]	[{"kind":"vm","id":11151001,"val":13300},{"kind":"vm","id":11151006,"val":2850},{"kind":"vm","id":11151007,"val":1900},{"kind":"vm","id":11151008,"val":950}]	1320	4
34	13600	5000	0	[{"kind":"vm","id":11151001,"val":1700000},{"kind":"vm","id":11151006,"val":510000},{"kind":"vm","id":11151007,"val":408000},{"kind":"vm","id":11151008,"val":340000}]	[{"kind":"vm","id":11151001,"val":14000},{"kind":"vm","id":11151006,"val":3000},{"kind":"vm","id":11151007,"val":2000},{"kind":"vm","id":11151008,"val":1000}]	1410	4
35	14000	5150	0	[{"kind":"vm","id":11151001,"val":1750000},{"kind":"vm","id":11151006,"val":525000},{"kind":"vm","id":11151007,"val":420000},{"kind":"vm","id":11151008,"val":350000}]	[{"kind":"vm","id":11151001,"val":14700},{"kind":"vm","id":11151006,"val":3150},{"kind":"vm","id":11151007,"val":2100},{"kind":"vm","id":11151008,"val":1050}]	1500	4
36	14400	5300	0	[{"kind":"vm","id":11151001,"val":1800000},{"kind":"vm","id":11151006,"val":540000},{"kind":"vm","id":11151007,"val":432000},{"kind":"vm","id":11151008,"val":360000}]	[{"kind":"vm","id":11151001,"val":15400},{"kind":"vm","id":11151006,"val":3300},{"kind":"vm","id":11151007,"val":2200},{"kind":"vm","id":11151008,"val":1100}]	1590	4
37	14800	5450	0	[{"kind":"vm","id":11151001,"val":1850000},{"kind":"vm","id":11151006,"val":555000},{"kind":"vm","id":11151007,"val":444000},{"kind":"vm","id":11151008,"val":370000}]	[{"kind":"vm","id":11151001,"val":16100},{"kind":"vm","id":11151006,"val":3450},{"kind":"vm","id":11151007,"val":2300},{"kind":"vm","id":11151008,"val":1150}]	1680	4
38	15200	5600	0	[{"kind":"vm","id":11151001,"val":1900000},{"kind":"vm","id":11151006,"val":570000},{"kind":"vm","id":11151007,"val":456000},{"kind":"vm","id":11151008,"val":380000}]	[{"kind":"vm","id":11151001,"val":16800},{"kind":"vm","id":11151006,"val":3600},{"kind":"vm","id":11151007,"val":2400},{"kind":"vm","id":11151008,"val":1200}]	1770	4
39	15600	5750	0	[{"kind":"vm","id":11151001,"val":1950000},{"kind":"vm","id":11151006,"val":585000},{"kind":"vm","id":11151007,"val":468000},{"kind":"vm","id":11151008,"val":390000}]	[{"kind":"vm","id":11151001,"val":17500},{"kind":"vm","id":11151006,"val":3750},{"kind":"vm","id":11151007,"val":2500},{"kind":"vm","id":11151008,"val":1250}]	1860	4
40	16000	5900	0	[{"kind":"vm","id":11151001,"val":2000000},{"kind":"vm","id":11151006,"val":600000},{"kind":"vm","id":11151007,"val":480000},{"kind":"vm","id":11151008,"val":400000}]	[]	0	4
