id	next_id	reward	sort
ID	NextID	Reward	Sort
章节ID	下一章节ID(0为结束)	章节奖励(JSON)	排序
1	2	[{"kind":"vm","id":11151001,"val":3000}]	1
2	3	[{"kind":"vm","id":11151008,"val":1000}]	2
3	4	[{"kind":"vm","id":11151007,"val":1500},{"kind":"vm","id":11151006,"val":800}]	3
4	5	[{"kind":"vm","id":11151006,"val":1800}]	4
5	6	[{"kind":"vm","id":11151008,"val":2200}]	5
6	7	[{"kind":"vm","id":11151001,"val":2600},{"kind":"vm","id":11151006,"val":800}]	6
7	8	[{"kind":"vm","id":11151007,"val":3200}]	7
8	9	[{"kind":"vm","id":11151001,"val":5000}]	8
9	10	[{"kind":"vm","id":11151008,"val":2500},{"kind":"vm","id":11151006,"val":1600}]	9
10	11	[{"kind":"vm","id":11151007,"val":4000}]	10
11	12	[{"kind":"vm","id":11151006,"val":5000}]	11
12	13	[{"kind":"vm","id":11151001,"val":12000},{"kind":"vm","id":11151006,"val":1600}]	12
13	14	[{"kind":"vm","id":11151008,"val":6000}]	13
14	15	[{"kind":"vm","id":11151007,"val":7500}]	14
15	16	[{"kind":"vm","id":11151006,"val":9000}]	15
16	0	[{"kind":"vm","id":11151001,"val":30000},{"kind":"vm","id":11151006,"val":2400}]	16
