tile_x	tile_z	climate_id
TileX	TileZ	ClimateID
地块X坐标(0~39)	地块Z坐标(0~39)	所属气候ID(对应ClimateConf.id)
0	0	7
1	0	7
2	0	7
3	0	7
4	0	7
5	0	7
6	0	7
7	0	7
8	0	7
9	0	7
10	0	7
11	0	7
12	0	7
13	0	7
14	0	7
15	0	7
16	0	7
17	0	7
18	0	7
19	0	7
20	0	4
21	0	4
22	0	4
23	0	4
24	0	4
25	0	4
26	0	4
27	0	4
28	0	4
29	0	4
30	0	4
31	0	4
32	0	4
33	0	4
34	0	4
35	0	4
36	0	4
37	0	4
38	0	4
39	0	4
0	1	7
1	1	7
2	1	7
3	1	7
4	1	7
5	1	7
6	1	7
7	1	7
8	1	7
9	1	7
10	1	7
11	1	7
12	1	7
13	1	7
14	1	7
15	1	7
16	1	7
17	1	7
18	1	7
19	1	7
20	1	4
21	1	4
22	1	4
23	1	4
24	1	4
25	1	4
26	1	4
27	1	4
28	1	4
29	1	4
30	1	4
31	1	4
32	1	4
33	1	4
34	1	4
35	1	4
36	1	4
37	1	4
38	1	4
39	1	4
0	2	7
1	2	7
2	2	7
3	2	7
4	2	7
5	2	7
6	2	7
7	2	7
8	2	7
9	2	7
10	2	7
11	2	7
12	2	7
13	2	7
14	2	7
15	2	7
16	2	7
17	2	7
18	2	7
19	2	7
20	2	4
21	2	4
22	2	4
23	2	4
24	2	4
25	2	4
26	2	4
27	2	4
28	2	4
29	2	4
30	2	4
31	2	4
32	2	4
33	2	4
34	2	4
35	2	4
36	2	4
37	2	4
38	2	4
39	2	4
0	3	7
1	3	7
2	3	7
3	3	7
4	3	7
5	3	7
6	3	7
7	3	7
8	3	7
9	3	7
10	3	7
11	3	7
12	3	7
13	3	7
14	3	7
15	3	7
16	3	7
17	3	7
18	3	7
19	3	4
20	3	4
21	3	4
22	3	4
23	3	4
24	3	4
25	3	4
26	3	4
27	3	4
28	3	4
29	3	4
30	3	4
31	3	4
32	3	4
33	3	4
34	3	4
35	3	4
36	3	4
37	3	4
38	3	4
39	3	4
0	4	7
1	4	7
2	4	7
3	4	7
4	4	7
5	4	7
6	4	7
7	4	7
8	4	7
9	4	7
10	4	7
11	4	7
12	4	7
13	4	7
14	4	7
15	4	7
16	4	7
17	4	7
18	4	7
19	4	4
20	4	4
21	4	4
22	4	4
23	4	4
24	4	4
25	4	4
26	4	4
27	4	4
28	4	4
29	4	4
30	4	4
31	4	4
32	4	4
33	4	4
34	4	4
35	4	4
36	4	4
37	4	4
38	4	4
39	4	4
0	5	7
1	5	7
2	5	7
3	5	7
4	5	7
5	5	7
6	5	7
7	5	7
8	5	7
9	5	7
10	5	7
11	5	7
12	5	7
13	5	7
14	5	7
15	5	7
16	5	7
17	5	7
18	5	7
19	5	4
20	5	4
21	5	4
22	5	4
23	5	4
24	5	4
25	5	4
26	5	4
27	5	4
28	5	4
29	5	4
30	5	4
31	5	4
32	5	4
33	5	4
34	5	4
35	5	4
36	5	4
37	5	4
38	5	4
39	5	4
0	6	7
1	6	7
2	6	7
3	6	7
4	6	7
5	6	7
6	6	7
7	6	7
8	6	7
9	6	7
10	6	7
11	6	7
12	6	7
13	6	7
14	6	7
15	6	7
16	6	7
17	6	7
18	6	7
19	6	4
20	6	4
21	6	2
22	6	2
23	6	2
24	6	2
25	6	4
26	6	4
27	6	4
28	6	4
29	6	4
30	6	4
31	6	4
32	6	4
33	6	4
34	6	4
35	6	4
36	6	4
37	6	4
38	6	4
39	6	4
0	7	7
1	7	7
2	7	7
3	7	7
4	7	7
5	7	7
6	7	7
7	7	7
8	7	7
9	7	7
10	7	7
11	7	7
12	7	7
13	7	7
14	7	7
15	7	7
16	7	7
17	7	7
18	7	7
19	7	4
20	7	2
21	7	2
22	7	2
23	7	2
24	7	2
25	7	2
26	7	2
27	7	4
28	7	4
29	7	4
30	7	4
31	7	4
32	7	4
33	7	4
34	7	4
35	7	4
36	7	4
37	7	4
38	7	4
39	7	4
0	8	7
1	8	7
2	8	7
3	8	7
4	8	7
5	8	7
6	8	7
7	8	7
8	8	7
9	8	7
10	8	7
11	8	7
12	8	7
13	8	7
14	8	7
15	8	7
16	8	7
17	8	7
18	8	7
19	8	2
20	8	2
21	8	2
22	8	2
23	8	2
24	8	2
25	8	2
26	8	2
27	8	2
28	8	2
29	8	2
30	8	2
31	8	4
32	8	4
33	8	4
34	8	4
35	8	4
36	8	4
37	8	4
38	8	4
39	8	4
0	9	7
1	9	7
2	9	7
3	9	7
4	9	7
5	9	7
6	9	7
7	9	7
8	9	3
9	9	3
10	9	3
11	9	3
12	9	3
13	9	3
14	9	7
15	9	7
16	9	7
17	9	7
18	9	3
19	9	2
20	9	2
21	9	2
22	9	2
23	9	2
24	9	2
25	9	2
26	9	2
27	9	2
28	9	2
29	9	2
30	9	2
31	9	2
32	9	2
33	9	2
34	9	4
35	9	4
36	9	4
37	9	4
38	9	4
39	9	4
0	10	7
1	10	7
2	10	7
3	10	7
4	10	7
5	10	7
6	10	7
7	10	3
8	10	3
9	10	3
10	10	3
11	10	3
12	10	3
13	10	3
14	10	3
15	10	3
16	10	3
17	10	3
18	10	3
19	10	2
20	10	2
21	10	2
22	10	2
23	10	2
24	10	2
25	10	2
26	10	2
27	10	2
28	10	2
29	10	2
30	10	2
31	10	2
32	10	2
33	10	2
34	10	2
35	10	4
36	10	4
37	10	4
38	10	4
39	10	4
0	11	7
1	11	7
2	11	7
3	11	7
4	11	7
5	11	7
6	11	7
7	11	3
8	11	3
9	11	3
10	11	3
11	11	3
12	11	3
13	11	3
14	11	3
15	11	3
16	11	3
17	11	3
18	11	3
19	11	2
20	11	2
21	11	2
22	11	2
23	11	2
24	11	2
25	11	2
26	11	2
27	11	2
28	11	2
29	11	2
30	11	2
31	11	2
32	11	2
33	11	2
34	11	2
35	11	4
36	11	4
37	11	4
38	11	4
39	11	4
0	12	7
1	12	7
2	12	7
3	12	7
4	12	7
5	12	7
6	12	7
7	12	3
8	12	3
9	12	3
10	12	3
11	12	3
12	12	3
13	12	3
14	12	3
15	12	3
16	12	3
17	12	3
18	12	3
19	12	2
20	12	2
21	12	2
22	12	2
23	12	2
24	12	2
25	12	2
26	12	2
27	12	2
28	12	2
29	12	2
30	12	2
31	12	2
32	12	2
33	12	2
34	12	2
35	12	4
36	12	4
37	12	4
38	12	4
39	12	4
0	13	7
1	13	7
2	13	7
3	13	7
4	13	7
5	13	7
6	13	7
7	13	3
8	13	3
9	13	3
10	13	3
11	13	3
12	13	3
13	13	3
14	13	3
15	13	3
16	13	3
17	13	3
18	13	3
19	13	2
20	13	2
21	13	1
22	13	2
23	13	2
24	13	2
25	13	2
26	13	2
27	13	2
28	13	2
29	13	2
30	13	2
31	13	2
32	13	2
33	13	2
34	13	2
35	13	4
36	13	4
37	13	4
38	13	4
39	13	4
0	14	7
1	14	7
2	14	7
3	14	7
4	14	7
5	14	7
6	14	3
7	14	3
8	14	3
9	14	3
10	14	3
11	14	3
12	14	3
13	14	3
14	14	3
15	14	3
16	14	3
17	14	3
18	14	3
19	14	2
20	14	1
21	14	1
22	14	1
23	14	2
24	14	2
25	14	1
26	14	1
27	14	1
28	14	2
29	14	2
30	14	2
31	14	2
32	14	2
33	14	2
34	14	2
35	14	4
36	14	4
37	14	4
38	14	4
39	14	4
0	15	7
1	15	7
2	15	7
3	15	7
4	15	7
5	15	3
6	15	3
7	15	3
8	15	3
9	15	3
10	15	3
11	15	3
12	15	3
13	15	3
14	15	1
15	15	1
16	15	1
17	15	3
18	15	3
19	15	2
20	15	1
21	15	1
22	15	1
23	15	1
24	15	1
25	15	1
26	15	1
27	15	1
28	15	2
29	15	2
30	15	2
31	15	2
32	15	2
33	15	2
34	15	4
35	15	4
36	15	4
37	15	4
38	15	4
39	15	4
0	16	7
1	16	7
2	16	7
3	16	7
4	16	7
5	16	3
6	16	3
7	16	3
8	16	3
9	16	3
10	16	3
11	16	3
12	16	3
13	16	3
14	16	1
15	16	1
16	16	1
17	16	1
18	16	3
19	16	3
20	16	1
21	16	1
22	16	1
23	16	1
24	16	1
25	16	1
26	16	1
27	16	1
28	16	2
29	16	2
30	16	2
31	16	2
32	16	2
33	16	4
34	16	4
35	16	4
36	16	4
37	16	4
38	16	4
39	16	4
0	17	7
1	17	7
2	17	7
3	17	7
4	17	3
5	17	3
6	17	3
7	17	3
8	17	3
9	17	3
10	17	3
11	17	3
12	17	3
13	17	3
14	17	1
15	17	1
16	17	1
17	17	1
18	17	1
19	17	3
20	17	1
21	17	1
22	17	1
23	17	1
24	17	1
25	17	1
26	17	1
27	17	2
28	17	2
29	17	2
30	17	2
31	17	2
32	17	4
33	17	4
34	17	4
35	17	4
36	17	4
37	17	4
38	17	4
39	17	4
0	18	7
1	18	7
2	18	7
3	18	3
4	18	3
5	18	3
6	18	3
7	18	3
8	18	3
9	18	3
10	18	3
11	18	3
12	18	1
13	18	1
14	18	1
15	18	1
16	18	1
17	18	1
18	18	1
19	18	1
20	18	1
21	18	1
22	18	1
23	18	1
24	18	1
25	18	1
26	18	2
27	18	2
28	18	2
29	18	2
30	18	2
31	18	2
32	18	4
33	18	4
34	18	4
35	18	4
36	18	4
37	18	4
38	18	4
39	18	4
0	19	7
1	19	7
2	19	7
3	19	3
4	19	3
5	19	3
6	19	3
7	19	3
8	19	3
9	19	3
10	19	3
11	19	1
12	19	1
13	19	1
14	19	1
15	19	1
16	19	1
17	19	1
18	19	1
19	19	1
20	19	1
21	19	1
22	19	1
23	19	1
24	19	2
25	19	2
26	19	2
27	19	2
28	19	2
29	19	2
30	19	2
31	19	6
32	19	6
33	19	6
34	19	6
35	19	6
36	19	6
37	19	4
38	19	4
39	19	4
0	20	5
1	20	5
2	20	5
3	20	3
4	20	3
5	20	3
6	20	3
7	20	3
8	20	3
9	20	3
10	20	3
11	20	1
12	20	1
13	20	1
14	20	1
15	20	1
16	20	1
17	20	1
18	20	1
19	20	1
20	20	1
21	20	1
22	20	1
23	20	1
24	20	2
25	20	2
26	20	2
27	20	2
28	20	2
29	20	2
30	20	2
31	20	6
32	20	6
33	20	6
34	20	6
35	20	6
36	20	6
37	20	6
38	20	6
39	20	6
0	21	5
1	21	5
2	21	5
3	21	5
4	21	3
5	21	3
6	21	3
7	21	3
8	21	3
9	21	3
10	21	3
11	21	3
12	21	3
13	21	1
14	21	1
15	21	1
16	21	3
17	21	3
18	21	1
19	21	1
20	21	1
21	21	1
22	21	1
23	21	1
24	21	1
25	21	2
26	21	2
27	21	2
28	21	2
29	21	2
30	21	2
31	21	6
32	21	6
33	21	6
34	21	6
35	21	6
36	21	6
37	21	6
38	21	6
39	21	6
0	22	5
1	22	5
2	22	5
3	22	5
4	22	3
5	22	3
6	22	3
7	22	3
8	22	3
9	22	3
10	22	3
11	22	3
12	22	3
13	22	3
14	22	3
15	22	3
16	22	3
17	22	1
18	22	1
19	22	1
20	22	1
21	22	1
22	22	1
23	22	1
24	22	2
25	22	2
26	22	2
27	22	2
28	22	2
29	22	2
30	22	2
31	22	2
32	22	6
33	22	6
34	22	6
35	22	6
36	22	6
37	22	6
38	22	6
39	22	6
0	23	5
1	23	5
2	23	5
3	23	5
4	23	5
5	23	5
6	23	3
7	23	3
8	23	3
9	23	3
10	23	3
11	23	3
12	23	3
13	23	3
14	23	3
15	23	3
16	23	3
17	23	1
18	23	1
19	23	1
20	23	1
21	23	1
22	23	1
23	23	2
24	23	2
25	23	2
26	23	2
27	23	2
28	23	2
29	23	2
30	23	2
31	23	2
32	23	6
33	23	6
34	23	6
35	23	6
36	23	6
37	23	6
38	23	6
39	23	6
0	24	5
1	24	5
2	24	5
3	24	5
4	24	5
5	24	5
6	24	5
7	24	5
8	24	5
9	24	3
10	24	3
11	24	3
12	24	3
13	24	3
14	24	3
15	24	3
16	24	3
17	24	1
18	24	1
19	24	1
20	24	1
21	24	1
22	24	1
23	24	2
24	24	2
25	24	2
26	24	2
27	24	2
28	24	2
29	24	2
30	24	2
31	24	2
32	24	6
33	24	6
34	24	6
35	24	6
36	24	6
37	24	6
38	24	6
39	24	6
0	25	5
1	25	5
2	25	5
3	25	5
4	25	5
5	25	5
6	25	5
7	25	5
8	25	5
9	25	5
10	25	5
11	25	3
12	25	3
13	25	3
14	25	3
15	25	3
16	25	3
17	25	3
18	25	3
19	25	1
20	25	1
21	25	1
22	25	1
23	25	1
24	25	2
25	25	2
26	25	2
27	25	2
28	25	2
29	25	2
30	25	2
31	25	2
32	25	6
33	25	6
34	25	6
35	25	6
36	25	6
37	25	6
38	25	6
39	25	6
0	26	5
1	26	5
2	26	5
3	26	5
4	26	5
5	26	5
6	26	5
7	26	5
8	26	5
9	26	5
10	26	5
11	26	5
12	26	3
13	26	3
14	26	3
15	26	3
16	26	3
17	26	3
18	26	3
19	26	3
20	26	1
21	26	1
22	26	1
23	26	1
24	26	2
25	26	2
26	26	2
27	26	2
28	26	2
29	26	2
30	26	2
31	26	6
32	26	6
33	26	6
34	26	6
35	26	6
36	26	6
37	26	6
38	26	6
39	26	6
0	27	5
1	27	5
2	27	5
3	27	5
4	27	5
5	27	5
6	27	5
7	27	5
8	27	5
9	27	5
10	27	5
11	27	5
12	27	3
13	27	3
14	27	3
15	27	3
16	27	3
17	27	3
18	27	3
19	27	3
20	27	1
21	27	1
22	27	1
23	27	1
24	27	2
25	27	2
26	27	2
27	27	2
28	27	2
29	27	2
30	27	6
31	27	6
32	27	6
33	27	6
34	27	6
35	27	6
36	27	6
37	27	6
38	27	6
39	27	6
0	28	5
1	28	5
2	28	5
3	28	5
4	28	5
5	28	5
6	28	5
7	28	5
8	28	5
9	28	5
10	28	5
11	28	5
12	28	3
13	28	3
14	28	3
15	28	3
16	28	3
17	28	3
18	28	3
19	28	3
20	28	3
21	28	1
22	28	1
23	28	1
24	28	2
25	28	2
26	28	2
27	28	2
28	28	2
29	28	6
30	28	6
31	28	6
32	28	6
33	28	6
34	28	6
35	28	6
36	28	6
37	28	6
38	28	6
39	28	6
0	29	5
1	29	5
2	29	5
3	29	5
4	29	5
5	29	5
6	29	5
7	29	5
8	29	5
9	29	5
10	29	5
11	29	5
12	29	3
13	29	3
14	29	3
15	29	3
16	29	3
17	29	3
18	29	3
19	29	3
20	29	3
21	29	2
22	29	1
23	29	2
24	29	2
25	29	2
26	29	2
27	29	2
28	29	6
29	29	6
30	29	6
31	29	6
32	29	6
33	29	6
34	29	6
35	29	6
36	29	6
37	29	6
38	29	6
39	29	6
0	30	5
1	30	5
2	30	5
3	30	5
4	30	5
5	30	5
6	30	5
7	30	5
8	30	5
9	30	5
10	30	5
11	30	5
12	30	3
13	30	3
14	30	3
15	30	3
16	30	3
17	30	3
18	30	3
19	30	3
20	30	3
21	30	2
22	30	2
23	30	2
24	30	2
25	30	2
26	30	2
27	30	2
28	30	6
29	30	6
30	30	6
31	30	6
32	30	6
33	30	6
34	30	6
35	30	6
36	30	6
37	30	6
38	30	6
39	30	6
0	31	5
1	31	5
2	31	5
3	31	5
4	31	5
5	31	5
6	31	5
7	31	5
8	31	5
9	31	5
10	31	5
11	31	5
12	31	5
13	31	3
14	31	3
15	31	3
16	31	3
17	31	3
18	31	3
19	31	3
20	31	3
21	31	2
22	31	2
23	31	2
24	31	2
25	31	2
26	31	2
27	31	2
28	31	6
29	31	6
30	31	6
31	31	6
32	31	6
33	31	6
34	31	6
35	31	6
36	31	6
37	31	6
38	31	6
39	31	6
0	32	5
1	32	5
2	32	5
3	32	5
4	32	5
5	32	5
6	32	5
7	32	5
8	32	5
9	32	5
10	32	5
11	32	5
12	32	5
13	32	5
14	32	5
15	32	3
16	32	3
17	32	3
18	32	3
19	32	3
20	32	3
21	32	2
22	32	2
23	32	2
24	32	2
25	32	2
26	32	2
27	32	2
28	32	6
29	32	6
30	32	6
31	32	6
32	32	6
33	32	6
34	32	6
35	32	6
36	32	6
37	32	6
38	32	6
39	32	6
0	33	5
1	33	5
2	33	5
3	33	5
4	33	5
5	33	5
6	33	5
7	33	5
8	33	5
9	33	5
10	33	5
11	33	5
12	33	5
13	33	5
14	33	5
15	33	5
16	33	5
17	33	5
18	33	3
19	33	3
20	33	3
21	33	2
22	33	2
23	33	2
24	33	2
25	33	2
26	33	2
27	33	2
28	33	6
29	33	6
30	33	6
31	33	6
32	33	6
33	33	6
34	33	6
35	33	6
36	33	6
37	33	6
38	33	6
39	33	6
0	34	5
1	34	5
2	34	5
3	34	5
4	34	5
5	34	5
6	34	5
7	34	5
8	34	5
9	34	5
10	34	5
11	34	5
12	34	5
13	34	5
14	34	5
15	34	5
16	34	5
17	34	5
18	34	5
19	34	3
20	34	3
21	34	2
22	34	2
23	34	2
24	34	2
25	34	2
26	34	2
27	34	2
28	34	6
29	34	6
30	34	6
31	34	6
32	34	6
33	34	6
34	34	6
35	34	6
36	34	6
37	34	6
38	34	6
39	34	6
0	35	5
1	35	5
2	35	5
3	35	5
4	35	5
5	35	5
6	35	5
7	35	5
8	35	5
9	35	5
10	35	5
11	35	5
12	35	5
13	35	5
14	35	5
15	35	5
16	35	5
17	35	5
18	35	5
19	35	5
20	35	3
21	35	2
22	35	2
23	35	2
24	35	2
25	35	2
26	35	2
27	35	6
28	35	6
29	35	6
30	35	6
31	35	6
32	35	6
33	35	6
34	35	6
35	35	6
36	35	6
37	35	6
38	35	6
39	35	6
0	36	5
1	36	5
2	36	5
3	36	5
4	36	5
5	36	5
6	36	5
7	36	5
8	36	5
9	36	5
10	36	5
11	36	5
12	36	5
13	36	5
14	36	5
15	36	5
16	36	5
17	36	5
18	36	5
19	36	5
20	36	5
21	36	6
22	36	2
23	36	2
24	36	2
25	36	2
26	36	6
27	36	6
28	36	6
29	36	6
30	36	6
31	36	6
32	36	6
33	36	6
34	36	6
35	36	6
36	36	6
37	36	6
38	36	6
39	36	6
0	37	5
1	37	5
2	37	5
3	37	5
4	37	5
5	37	5
6	37	5
7	37	5
8	37	5
9	37	5
10	37	5
11	37	5
12	37	5
13	37	5
14	37	5
15	37	5
16	37	5
17	37	5
18	37	5
19	37	5
20	37	6
21	37	6
22	37	6
23	37	6
24	37	6
25	37	6
26	37	6
27	37	6
28	37	6
29	37	6
30	37	6
31	37	6
32	37	6
33	37	6
34	37	6
35	37	6
36	37	6
37	37	6
38	37	6
39	37	6
0	38	5
1	38	5
2	38	5
3	38	5
4	38	5
5	38	5
6	38	5
7	38	5
8	38	5
9	38	5
10	38	5
11	38	5
12	38	5
13	38	5
14	38	5
15	38	5
16	38	5
17	38	5
18	38	5
19	38	5
20	38	6
21	38	6
22	38	6
23	38	6
24	38	6
25	38	6
26	38	6
27	38	6
28	38	6
29	38	6
30	38	6
31	38	6
32	38	6
33	38	6
34	38	6
35	38	6
36	38	6
37	38	6
38	38	6
39	38	6
0	39	5
1	39	5
2	39	5
3	39	5
4	39	5
5	39	5
6	39	5
7	39	5
8	39	5
9	39	5
10	39	5
11	39	5
12	39	5
13	39	5
14	39	5
15	39	5
16	39	5
17	39	5
18	39	5
19	39	5
20	39	6
21	39	6
22	39	6
23	39	6
24	39	6
25	39	6
26	39	6
27	39	6
28	39	6
29	39	6
30	39	6
31	39	6
32	39	6
33	39	6
34	39	6
35	39	6
36	39	6
37	39	6
38	39	6
39	39	6
