id	key	name	description	color	march_speed_bp	gather_speed_bp	weather_weights
ID	Key	Name	Description	Color	MarchSpeedBP	GatherSpeedBP	WeatherWeights
气候ID(全表唯一)	气候标识(英文,程序引用)	名称	描述	地图展示色(前端用,不校验业务语义)	行军速度修正(万分比)	采集速度修正(万分比)	天气权重(JSON{天气ID:权重},权重和必须>0)
1	temperate	温和	地势平坦，气候适中，无特殊修正。	#8FBF6B	0	0	{"1":35,"2":20,"3":2,"4":1,"5":12,"6":5,"7":3,"8":10,"9":2,"10":10}
2	grassland	草原	开阔平原，利于行军与耕作。	#C9D96A	300	300	{"1":43,"2":15,"3":1,"5":4,"6":15,"7":12,"8":5,"10":5}
3	forest	森林	林木茂密，视野受阻但物产丰富。	#2F6B3A	-400	400	{"1":17,"2":22,"3":3,"4":2,"5":29,"6":5,"7":2,"8":12,"10":8}
4	desert	沙漠	黄沙漫天，行军艰难，资源稀少。	#E0C468	-500	-300	{"1":29,"2":1,"3":1,"4":30,"5":3,"6":20,"7":15,"10":1}
5	swamp	沼泽	泥泞湿地，寸步难行。	#5B6B4E	-700	-200	{"1":12,"2":27,"3":3,"4":2,"5":28,"6":5,"8":15,"10":8}
6	mountain	山地	山势险峻，行军缓慢但易守难攻。	#8C8C8C	-800	-200	{"1":20,"2":10,"3":16,"4":3,"5":17,"6":2,"7":12,"8":3,"9":12,"10":5}
7	snow	雪原	冰天雪地，严重拖慢行军。	#DDEFFF	-600	-300	{"1":21,"2":3,"3":38,"4":1,"5":15,"6":1,"7":5,"9":12,"10":4}
