scope	ref_id	soldier_kind	atk_bp	def_bp	deal_bp	take_bp
Scope	RefID	SoldierKind	AtkBP	DefBP	DealBP	TakeBP
作用域(climate=气候/weather=天气)	引用ID(climate时对应ClimateConf.id,weather时对应WeatherConf.id)	兵种(对应proto.SoldierKind: 100火/200弓/300毒/400冰)	攻击力修正(万分比)	防御力修正(万分比)	造成伤害修正(万分比)	受到伤害修正(万分比,正值=多受伤)
climate	4	100	350	0	250	0
climate	4	400	-350	-250	0	65
climate	7	400	350	0	250	0
climate	7	100	-350	-250	0	65
climate	5	300	350	0	250	0
climate	5	200	-250	-200	0	150
climate	2	200	300	0	200	0
climate	2	300	-300	-200	0	150
weather	6	100	200	0	100	0
weather	6	400	-200	-100	0	0
weather	3	400	200	0	100	0
weather	3	100	-100	0	0	60
weather	5	200	-200	0	-100	0
weather	5	300	80	0	0	0
weather	4	100	150	0	0	0
weather	4	200	-150	0	0	0
weather	4	400	-100	0	0	0
weather	4	300	-150	0	0	0
weather	2	300	80	0	0	0
weather	2	200	250	0	150	0
weather	2	100	-80	0	0	50
weather	7	200	-120	0	0	0
weather	7	100	150	0	0	0
weather	7	300	-100	0	0	0
weather	8	300	150	0	50	0
weather	8	100	-150	0	0	0
weather	8	400	-100	0	0	0
weather	9	100	0	-100	0	0
weather	9	300	0	-150	0	0
weather	9	400	150	0	100	0
