key	note	value	assets
Key	Note	Value	Assets
参数键	说明	数值	资源清单
reserve_per_minute	四类基础资源每分钟产出，用于离线经营及兵力恢复	0	[{"kind":"vm","id":11151001,"val":10},{"kind":"vm","id":11151006,"val":2},{"kind":"vm","id":11151007,"val":1.6},{"kind":"vm","id":11151008,"val":0.6}]
reserve_level_bps	离线收益每级增加万分比	1000	[]
reserve_capacity_seconds	离线收益最多储存12小时，超出时长不追补	43200	[]
reserve_capacity_amount	不按单项金额封顶，四类资源统一受时间容量限制	0	[]
reserve_quantum_seconds	离线收益结算单位秒	1	[]
growth_queue_initial	发展队列初始槽	2	[]
growth_queue_limit	发展队列最大槽	8	[]
growth_queue_level_step	发展队列免费扩容步长(主城每升这么多级免费多给一个永久槽,0=不随等级增长)	8	[]
growth_queue_unlock_cost	发展队列永久解锁消耗(与兵营永久解锁同量级,改一边要一起改)	0	[{"kind":"vm","id":11151007,"val":4500},{"kind":"vm","id":11151001,"val":7500}]
growth_queue_unlock_cost_step_bp	发展队列永久解锁涨价幅度(万分比,每已付费解锁一个则下一个加这个比例的基准价;0=恒定价)	5000	[]
growth_queue_refund_bp	发展队列退槽返还比例(万分比,按退之前持有数对应的买价折算;0=不可退)	7000	[]
growth_queue_rent_cost	发展队列租用消耗(约为永久价1/5,租期1天;须低于永久价)	0	[{"kind":"vm","id":11151007,"val":900},{"kind":"vm","id":11151001,"val":1500}]
growth_queue_rent_seconds	发展队列租期秒	86400	[]
work_aid_free_seconds	作业免费完成秒	10	[]
work_aid_step_seconds	作业加速按小时计价，不足一小时按一档计	3600	[]
work_aid_step_cost	每小时加速消耗，与建设、招募及兵力恢复竞争资源	0	[{"kind":"vm","id":11151001,"val":500},{"kind":"vm","id":11151006,"val":150}]
march_boost_speed_add_bp	行军每次速度加成万分比	10000	[]
march_boost_max_speed_add_bp	行军累计速度加成上限万分比	100000	[]
march_boost_cost	行军每次加速消耗	0	[{"kind":"vm","id":11151001,"val":200},{"kind":"vm","id":11151006,"val":60}]
relocate_random_cost	随机迁城消耗:在随机区域内另选一处落点	0	[{"kind":"vm","id":11151001,"val":500},{"kind":"vm","id":11151007,"val":200}]
relocate_target_cost	定点传送消耗:迁往指定坐标	0	[{"kind":"vm","id":11151001,"val":2000},{"kind":"vm","id":11151007,"val":800},{"kind":"vm","id":11151008,"val":300}]
barracks_queue_initial	兵营队列初始槽位数	2	[]
barracks_queue_limit	兵营队列槽位上限	7	[]
barracks_queue_level_step	兵营队列免费扩容步长(主城每升这么多级免费多给一个永久槽,0=不随等级增长)	10	[]
barracks_queue_unlock_cost	兵营队列永久扩容消耗(与发展永久解锁同量级,改一边要一起改)	0	[{"kind":"vm","id":11151007,"val":6000},{"kind":"vm","id":11151006,"val":4000},{"kind":"vm","id":11151001,"val":2000}]
barracks_queue_unlock_cost_step_bp	兵营队列永久解锁涨价幅度(万分比,每已付费解锁一个则下一个加这个比例的基准价;0=恒定价)	5000	[]
barracks_queue_refund_bp	兵营队列退槽返还比例(万分比,按退之前持有数对应的买价折算;0=不可退)	7000	[]
barracks_queue_rent_cost	兵营队列限时租用消耗(约为永久价1/5,租期1天;须低于永久价)	0	[{"kind":"vm","id":11151007,"val":1200},{"kind":"vm","id":11151006,"val":800},{"kind":"vm","id":11151001,"val":400}]
barracks_queue_rent_seconds	兵营队列租用时长(秒)	86400	[]
training_queue_initial	训练队列初始槽位数	2	[]
training_queue_limit	训练队列槽位上限	7	[]
training_queue_level_step	训练队列免费扩容步长(主城每升这么多级免费多给一个永久槽,0=不随等级增长)	10	[]
training_queue_unlock_cost	训练队列永久扩容消耗(与发展永久解锁同量级,改一边要一起改)	0	[{"kind":"vm","id":11151007,"val":6000},{"kind":"vm","id":11151006,"val":4000},{"kind":"vm","id":11151001,"val":2000}]
training_queue_unlock_cost_step_bp	训练队列永久解锁涨价幅度(万分比,每已付费解锁一个则下一个加这个比例的基准价;0=恒定价)	5000	[]
training_queue_refund_bp	训练队列退槽返还比例(万分比,按退之前持有数对应的买价折算;0=不可退)	7000	[]
training_queue_rent_cost	训练队列限时租用消耗(约为永久价1/5,租期1天;须低于永久价)	0	[{"kind":"vm","id":11151007,"val":1200},{"kind":"vm","id":11151006,"val":800},{"kind":"vm","id":11151001,"val":400}]
training_queue_rent_seconds	训练队列租用时长(秒)	86400	[]
healing_queue_initial	治疗队列初始槽位数	1	[]
healing_queue_limit	治疗队列槽位上限	7	[]
healing_queue_level_step	治疗队列免费扩容步长(主城每升这么多级免费多给一个永久槽,0=不随等级增长)	10	[]
healing_queue_unlock_cost	治疗队列永久扩容消耗(与发展永久解锁同量级,改一边要一起改)	0	[{"kind":"vm","id":11151007,"val":3000},{"kind":"vm","id":11151006,"val":2000},{"kind":"vm","id":11151001,"val":3000}]
healing_queue_unlock_cost_step_bp	治疗队列永久解锁涨价幅度(万分比,每已付费解锁一个则下一个加这个比例的基准价;0=恒定价)	5000	[]
healing_queue_refund_bp	治疗队列退槽返还比例(万分比,按退之前持有数对应的买价折算;0=不可退)	7000	[]
healing_queue_rent_cost	治疗队列限时租用消耗(约为永久价1/5,租期1天;须低于永久价)	0	[{"kind":"vm","id":11151007,"val":600},{"kind":"vm","id":11151006,"val":400},{"kind":"vm","id":11151001,"val":600}]
healing_queue_rent_seconds	治疗队列租用时长(秒)	86400	[]
barracks_capacity_rate_bp	营房容量相对满编人数的比例(万分比;必须>=行军槽位数*10000,否则后面的槽位派不出兵)	150000	[]
march_slot_limit	行军槽位数(同时在外的部队上限;营房容量须能装下这么多支满编队)	15	[]
battle_healthy_dead_rate_bp	满血兵受击直接阵亡的万分比(与转重伤比例之和须<=10000,余下转轻伤)	50	[]
battle_healthy_heavy_rate_bp	满血兵受击转重伤的万分比(战败能否全灭的主旋钮;调小不会更难死,重伤仍按0.2权重算战力是一块地板,种子不足时尾段加速吃不到,反而更难全灭)	2000	[]
battle_light_dead_rate_bp	轻伤兵受击直接阵亡的万分比(余下转重伤;重伤兵受击恒100%阵亡,不另配)	5000	[]
skill_tree_reset_cost	技能树整树重置手续费(占位数值,正式数值待策划提供)	0	[{"kind":"vm","id":11151001,"val":1000}]
skill_tree_reset_refund_bp	技能树重置按各已学节点历史消耗总额返还的万分比(默认10000即100%)	10000	[]
skill_count_prob_bonus_bp	部队技能数量对触发概率的加成万分比(每多带一个技能,该技能触发概率乘(1+此值*(N-1)),N=部队技能总数)	80	[]
weather_epoch_ms	天气时段长度毫秒(时间按此切成全局对齐的时段,每个时段边界天气可能切换一次)	1200000	[]
weather_cell_tiles	天气格边长(地块数,同一格内的地块共享同一份天气排期)	4	[]
climate_cap_march_speed_bp	气候与天气行军速度修正合计后的上限万分比(非负,加载时校验最坏组合不超过它)	2000	[]
climate_cap_gather_speed_bp	气候与天气采集速度修正合计后的上限万分比(非负,加载时校验最坏组合不超过它)	1000	[]
climate_cap_atk_bp	气候与天气攻击修正合计后的上限万分比(非负,加载时校验最坏组合不超过它)	800	[]
climate_cap_def_bp	气候与天气防御修正合计后的上限万分比(非负,加载时校验最坏组合不超过它)	800	[]
climate_cap_deal_bp	气候与天气增伤修正合计后的上限万分比(非负,加载时校验最坏组合不超过它)	600	[]
climate_cap_take_bp	气候与天气减伤修正合计后的上限万分比(非负,加载时校验最坏组合不超过它)	600	[]
