id	level	name	unlock_key	resources	destroy_time	radius_block	radius_occupy	capacity_limit
ID	等级	名称	UnlockKey	资源	摧毁时间	碰撞半径	占地半径	最大采集部队数量
配置表id(唯一)	采集点等级	采集点名称	解锁条件(UnlockConf.key,空=不限)	采集点包含的资源集	采集点存活时间	采集点的碰撞半径	采集点的占地半径	最大采集部队数量
1101	1	金矿		[{"kind":"vm","id":11151001,"name":"金币","val":105000,"coef":5.0,"yield":0.03}]	57600000	2500	4000	3
1102	2	金矿		[{"kind":"vm","id":11151001,"name":"金币","val":210000,"coef":5.0,"yield":0.06}]	57600000	2500	4000	6
1103	3	金矿	gather_lv3	[{"kind":"vm","id":11151001,"name":"金币","val":315000,"coef":5.0,"yield":0.09}]	57600000	2500	4000	9
1104	4	金矿	gather_lv4	[{"kind":"vm","id":11151001,"name":"金币","val":420000,"coef":5.0,"yield":0.12}]	57600000	2500	4000	12
1105	5	金矿	gather_lv5	[{"kind":"vm","id":11151001,"name":"金币","val":840000,"coef":5.0,"yield":0.24}]	57600000	2500	4000	15
1201	1	农田		[{"kind":"vm","id":11151006,"name":"粮食","val":21000,"coef":1.0,"yield":0.006}]	57600000	2500	4000	3
1202	2	农田		[{"kind":"vm","id":11151006,"name":"粮食","val":42000,"coef":1.0,"yield":0.012}]	57600000	2500	4000	6
1203	3	农田	gather_lv3	[{"kind":"vm","id":11151006,"name":"粮食","val":63000,"coef":1.0,"yield":0.018}]	57600000	2500	4000	9
1204	4	农田	gather_lv4	[{"kind":"vm","id":11151006,"name":"粮食","val":84000,"coef":1.0,"yield":0.024}]	57600000	2500	4000	12
1205	5	农田	gather_lv5	[{"kind":"vm","id":11151006,"name":"粮食","val":168000,"coef":1.0,"yield":0.048}]	57600000	2500	4000	15
1301	1	林场		[{"kind":"vm","id":11151007,"name":"木材","val":16800,"coef":0.8,"yield":0.0048}]	57600000	2500	4000	3
1302	2	林场		[{"kind":"vm","id":11151007,"name":"木材","val":33600,"coef":0.8,"yield":0.0096}]	57600000	2500	4000	6
1303	3	林场	gather_lv3	[{"kind":"vm","id":11151007,"name":"木材","val":50400,"coef":0.8,"yield":0.0144}]	57600000	2500	4000	9
1304	4	林场	gather_lv4	[{"kind":"vm","id":11151007,"name":"木材","val":67200,"coef":0.8,"yield":0.0192}]	57600000	2500	4000	12
1305	5	林场	gather_lv5	[{"kind":"vm","id":11151007,"name":"木材","val":134400,"coef":0.8,"yield":0.0384}]	57600000	2500	4000	15
1401	1	水晶矿		[{"kind":"vm","id":11151008,"name":"水晶矿","val":10500,"coef":0.5,"yield":0.003}]	57600000	2500	4000	3
1402	2	水晶矿		[{"kind":"vm","id":11151008,"name":"水晶矿","val":21000,"coef":0.5,"yield":0.006}]	57600000	2500	4000	6
1403	3	水晶矿	gather_lv3	[{"kind":"vm","id":11151008,"name":"水晶矿","val":31500,"coef":0.5,"yield":0.009}]	57600000	2500	4000	9
1404	4	水晶矿	gather_lv4	[{"kind":"vm","id":11151008,"name":"水晶矿","val":42000,"coef":0.5,"yield":0.012}]	57600000	2500	4000	12
1405	5	水晶矿	gather_lv5	[{"kind":"vm","id":11151008,"name":"水晶矿","val":84000,"coef":0.5,"yield":0.024}]	57600000	2500	4000	15
