id	kind	box	title	content	param_num	expire_hours
ID	Kind	Box	Title	Content	ParamNum	ExpireHours
邮件模板ID	邮件分类(1=系统 2=战报 3=占领)	邮箱分类(1=系统 2=战报 3=个人 4=收藏)	标题模板	正文模板({n}为参数占位)	参数个数	保留时长(小时,0=永不过期)
2004	1	1	系统通知	{0}	1	168
2010	2	2	战斗胜利	你的部队击败了 {0}。	1	168
2011	2	2	战斗失利	你的部队败给了 {0}。	1	168
2012	2	2	战斗结束	你的部队与 {0} 的战斗结束，双方均有折损。	1	168
2013	2	2	防守成功	你击退了 {0} 的进攻。	1	168
2014	2	2	防守失利	你被 {0} 攻破。	1	168
2015	2	2	战斗结束	{0} 对你的进攻结束，双方均有折损。	1	168
2202	1	3	活动奖励补发	{0}已结束，已达成的奖励已存入附件。	1	0
2203	1	3	仓储溢出资源	仓储空间不足，自动收入的溢出资源已保存在附件中。	0	0
