id	node_type	name	description	links	need_castle_level	cost	skill_id	skill_level	upgrade_of	prop_kind	prop_arg	effect_value	display_group	pos_x	pos_y
ID	NodeType	Name	Description	Links	NeedCastleLevel	Cost	SkillID	SkillLevel	UpgradeOf	PropKind	PropArg	EffectValue	DisplayGroup	PosX	PosY
节点ID(全表唯一)	节点类型(start起点/skill技能大节点/skill_upgrade技能升级节点/minor被动属性节点)	名称	描述	相邻节点(JSON数组[]int32,每条边只在一端写出,加载时补成双向)	主城等级门槛(0=不限)	学习消耗(占位数值,正式数值待策划提供,start节点为空)	技能ID(skill节点填1级技能ID,skill_upgrade节点填对应等级技能ID,其余填0,对应BattleSkillConf.id)	技能等级(skill节点填1,skill_upgrade节点填2~5,其余填0)	所属大节点ID(仅skill_upgrade节点填,指向本链的skill大节点)	属性类型(仅minor节点填,1满编人数2采集速度3负重4兵种战力5造成伤害6受到伤害7兵种防御)	属性参数(仅minor节点填,细分属性的作用对象,0=不细分/全部)	属性值(仅minor节点填,万分比,负值为减益)	展示分组(不校验业务语义)	画布坐标X(不校验业务语义)	画布坐标Y(不校验业务语义)
1	start	技能树起点	技能树的起点，永久点亮，无消耗	[2001,2003,2005,2007,2009,2011]	0	[]	0	0	0	0	0	0	start	0	0
100	skill	攻击锐化	解锁战斗技能「攻击锐化」	[102,2025,2026]	2	[{"kind":"vm","id":11151001,"val":200}]	1002	1	0	0	0	0	generic	450	0
102	skill_upgrade	攻击锐化2级	升级战斗技能「攻击锐化」	[103]	6	[{"kind":"vm","id":11151001,"val":600}]	100202	2	100	0	0	0	generic	520	0
103	skill_upgrade	攻击锐化3级	升级战斗技能「攻击锐化」	[104]	11	[{"kind":"vm","id":11151001,"val":1100}]	100203	3	100	0	0	0	generic	590	0
104	skill_upgrade	攻击锐化4级	升级战斗技能「攻击锐化」	[105]	16	[{"kind":"vm","id":11151001,"val":1600}]	100204	4	100	0	0	0	generic	660	0
105	skill_upgrade	攻击锐化5级	升级战斗技能「攻击锐化」	[]	21	[{"kind":"vm","id":11151001,"val":2100}]	100205	5	100	0	0	0	generic	730	0
200	skill	爆发冲击	解锁战斗技能「爆发冲击」	[202,2025,2026]	3	[{"kind":"vm","id":11151001,"val":300}]	1001	1	0	0	0	0	generic	390	225
202	skill_upgrade	爆发冲击2级	升级战斗技能「爆发冲击」	[203]	8	[{"kind":"vm","id":11151001,"val":800}]	100102	2	200	0	0	0	generic	450	260
203	skill_upgrade	爆发冲击3级	升级战斗技能「爆发冲击」	[204]	13	[{"kind":"vm","id":11151001,"val":1300}]	100103	3	200	0	0	0	generic	511	295
204	skill_upgrade	爆发冲击4级	升级战斗技能「爆发冲击」	[205]	18	[{"kind":"vm","id":11151001,"val":1800}]	100104	4	200	0	0	0	generic	572	330
205	skill_upgrade	爆发冲击5级	升级战斗技能「爆发冲击」	[]	23	[{"kind":"vm","id":11151001,"val":2300}]	100105	5	200	0	0	0	generic	632	365
300	skill	格挡	解锁战斗技能「格挡」	[302,2027,2028]	4	[{"kind":"vm","id":11151001,"val":400}]	1010	1	0	0	0	0	generic	225	390
302	skill_upgrade	格挡2级	升级战斗技能「格挡」	[303]	9	[{"kind":"vm","id":11151001,"val":900}]	101002	2	300	0	0	0	generic	260	450
303	skill_upgrade	格挡3级	升级战斗技能「格挡」	[304]	14	[{"kind":"vm","id":11151001,"val":1400}]	101003	3	300	0	0	0	generic	295	511
304	skill_upgrade	格挡4级	升级战斗技能「格挡」	[305]	19	[{"kind":"vm","id":11151001,"val":1900}]	101004	4	300	0	0	0	generic	330	572
305	skill_upgrade	格挡5级	升级战斗技能「格挡」	[]	24	[{"kind":"vm","id":11151001,"val":2400}]	101005	5	300	0	0	0	generic	365	632
400	skill	战场治愈	解锁战斗技能「战场治愈」	[402,2027,2028]	5	[{"kind":"vm","id":11151001,"val":500}]	1003	1	0	0	0	0	generic	0	450
402	skill_upgrade	战场治愈2级	升级战斗技能「战场治愈」	[403]	10	[{"kind":"vm","id":11151001,"val":1000}]	100302	2	400	0	0	0	generic	0	520
403	skill_upgrade	战场治愈3级	升级战斗技能「战场治愈」	[404]	15	[{"kind":"vm","id":11151001,"val":1500}]	100303	3	400	0	0	0	generic	0	590
404	skill_upgrade	战场治愈4级	升级战斗技能「战场治愈」	[405]	20	[{"kind":"vm","id":11151001,"val":2000}]	100304	4	400	0	0	0	generic	0	660
405	skill_upgrade	战场治愈5级	升级战斗技能「战场治愈」	[]	25	[{"kind":"vm","id":11151001,"val":2500}]	100305	5	400	0	0	0	generic	0	730
500	skill	穿透斩	解锁战斗技能「穿透斩」	[502,2045,2046]	6	[{"kind":"vm","id":11151001,"val":600}]	1007	1	0	0	0	0	generic	-325	563
502	skill_upgrade	穿透斩2级	升级战斗技能「穿透斩」	[503]	11	[{"kind":"vm","id":11151001,"val":1100}]	100702	2	500	0	0	0	generic	-360	624
503	skill_upgrade	穿透斩3级	升级战斗技能「穿透斩」	[504]	16	[{"kind":"vm","id":11151001,"val":1600}]	100703	3	500	0	0	0	generic	-395	684
504	skill_upgrade	穿透斩4级	升级战斗技能「穿透斩」	[505]	21	[{"kind":"vm","id":11151001,"val":2100}]	100704	4	500	0	0	0	generic	-430	745
505	skill_upgrade	穿透斩5级	升级战斗技能「穿透斩」	[]	26	[{"kind":"vm","id":11151001,"val":2600}]	100705	5	500	0	0	0	generic	-465	805
600	skill	绝境反击	解锁战斗技能「绝境反击」	[602,2045,2046]	7	[{"kind":"vm","id":11151001,"val":700}]	1004	1	0	0	0	0	generic	-563	325
602	skill_upgrade	绝境反击2级	升级战斗技能「绝境反击」	[603]	12	[{"kind":"vm","id":11151001,"val":1200}]	100402	2	600	0	0	0	generic	-624	360
603	skill_upgrade	绝境反击3级	升级战斗技能「绝境反击」	[604]	17	[{"kind":"vm","id":11151001,"val":1700}]	100403	3	600	0	0	0	generic	-684	395
604	skill_upgrade	绝境反击4级	升级战斗技能「绝境反击」	[605]	22	[{"kind":"vm","id":11151001,"val":2200}]	100404	4	600	0	0	0	generic	-745	430
605	skill_upgrade	绝境反击5级	升级战斗技能「绝境反击」	[]	27	[{"kind":"vm","id":11151001,"val":2700}]	100405	5	600	0	0	0	generic	-805	465
700	skill	暴击打击	解锁战斗技能「暴击打击」	[702,2047,2048]	8	[{"kind":"vm","id":11151001,"val":800}]	1011	1	0	0	0	0	generic	-650	0
702	skill_upgrade	暴击打击2级	升级战斗技能「暴击打击」	[703]	13	[{"kind":"vm","id":11151001,"val":1300}]	101102	2	700	0	0	0	generic	-720	0
703	skill_upgrade	暴击打击3级	升级战斗技能「暴击打击」	[704]	18	[{"kind":"vm","id":11151001,"val":1800}]	101103	3	700	0	0	0	generic	-790	0
704	skill_upgrade	暴击打击4级	升级战斗技能「暴击打击」	[705]	23	[{"kind":"vm","id":11151001,"val":2300}]	101104	4	700	0	0	0	generic	-860	0
705	skill_upgrade	暴击打击5级	升级战斗技能「暴击打击」	[]	28	[{"kind":"vm","id":11151001,"val":2800}]	101105	5	700	0	0	0	generic	-930	0
800	skill	击杀治愈	解锁战斗技能「击杀治愈」	[802,2047,2048]	10	[{"kind":"vm","id":11151001,"val":1000}]	1017	1	0	0	0	0	generic	-563	-325
802	skill_upgrade	击杀治愈2级	升级战斗技能「击杀治愈」	[803]	15	[{"kind":"vm","id":11151001,"val":1500}]	101702	2	800	0	0	0	generic	-624	-360
803	skill_upgrade	击杀治愈3级	升级战斗技能「击杀治愈」	[804]	20	[{"kind":"vm","id":11151001,"val":2000}]	101703	3	800	0	0	0	generic	-684	-395
804	skill_upgrade	击杀治愈4级	升级战斗技能「击杀治愈」	[805]	25	[{"kind":"vm","id":11151001,"val":2500}]	101704	4	800	0	0	0	generic	-745	-430
805	skill_upgrade	击杀治愈5级	升级战斗技能「击杀治愈」	[]	30	[{"kind":"vm","id":11151001,"val":3000}]	101705	5	800	0	0	0	generic	-805	-465
900	skill	荆棘反伤	解锁战斗技能「荆棘反伤」	[902,2057,2058]	18	[{"kind":"vm","id":11151001,"val":1800}]	1018	1	0	0	0	0	generic	-425	-736
902	skill_upgrade	荆棘反伤2级	升级战斗技能「荆棘反伤」	[903]	23	[{"kind":"vm","id":11151001,"val":2300}]	101802	2	900	0	0	0	generic	-460	-797
903	skill_upgrade	荆棘反伤3级	升级战斗技能「荆棘反伤」	[904]	28	[{"kind":"vm","id":11151001,"val":2800}]	101803	3	900	0	0	0	generic	-495	-857
904	skill_upgrade	荆棘反伤4级	升级战斗技能「荆棘反伤」	[905]	33	[{"kind":"vm","id":11151001,"val":3300}]	101804	4	900	0	0	0	generic	-530	-918
905	skill_upgrade	荆棘反伤5级	升级战斗技能「荆棘反伤」	[]	38	[{"kind":"vm","id":11151001,"val":3800}]	101805	5	900	0	0	0	generic	-565	-979
1000	skill	破甲	解锁战斗技能「破甲」	[1002,2057,2058]	20	[{"kind":"vm","id":11151001,"val":2000}]	1012	1	0	0	0	0	generic	0	-850
1002	skill_upgrade	破甲2级	升级战斗技能「破甲」	[1003]	25	[{"kind":"vm","id":11151001,"val":2500}]	101202	2	1000	0	0	0	generic	0	-920
1003	skill_upgrade	破甲3级	升级战斗技能「破甲」	[1004]	29	[{"kind":"vm","id":11151001,"val":2900}]	101203	3	1000	0	0	0	generic	0	-990
1004	skill_upgrade	破甲4级	升级战斗技能「破甲」	[1005]	34	[{"kind":"vm","id":11151001,"val":3400}]	101204	4	1000	0	0	0	generic	0	-1060
1005	skill_upgrade	破甲5级	升级战斗技能「破甲」	[]	38	[{"kind":"vm","id":11151001,"val":3800}]	101205	5	1000	0	0	0	generic	0	-1130
1100	skill	吸血斩	解锁战斗技能「吸血斩」	[1102,2059,2060]	24	[{"kind":"vm","id":11151001,"val":2400}]	1009	1	0	0	0	0	generic	425	-736
1102	skill_upgrade	吸血斩2级	升级战斗技能「吸血斩」	[1103]	28	[{"kind":"vm","id":11151001,"val":2800}]	100902	2	1100	0	0	0	generic	460	-797
1103	skill_upgrade	吸血斩3级	升级战斗技能「吸血斩」	[1104]	32	[{"kind":"vm","id":11151001,"val":3200}]	100903	3	1100	0	0	0	generic	495	-857
1104	skill_upgrade	吸血斩4级	升级战斗技能「吸血斩」	[1105]	36	[{"kind":"vm","id":11151001,"val":3600}]	100904	4	1100	0	0	0	generic	530	-918
1105	skill_upgrade	吸血斩5级	升级战斗技能「吸血斩」	[]	40	[{"kind":"vm","id":11151001,"val":4000}]	100905	5	1100	0	0	0	generic	565	-979
1200	skill	连锁冲击	解锁战斗技能「连锁冲击」	[1202,2059,2060]	28	[{"kind":"vm","id":11151001,"val":2800}]	1008	1	0	0	0	0	generic	736	-425
1202	skill_upgrade	连锁冲击2级	升级战斗技能「连锁冲击」	[1203]	31	[{"kind":"vm","id":11151001,"val":3100}]	100802	2	1200	0	0	0	generic	797	-460
1203	skill_upgrade	连锁冲击3级	升级战斗技能「连锁冲击」	[1204]	34	[{"kind":"vm","id":11151001,"val":3400}]	100803	3	1200	0	0	0	generic	857	-495
1204	skill_upgrade	连锁冲击4级	升级战斗技能「连锁冲击」	[1205]	37	[{"kind":"vm","id":11151001,"val":3700}]	100804	4	1200	0	0	0	generic	918	-530
1205	skill_upgrade	连锁冲击5级	升级战斗技能「连锁冲击」	[]	40	[{"kind":"vm","id":11151001,"val":4000}]	100805	5	1200	0	0	0	generic	979	-565
2001	minor	战力精研	全兵种战力+1.5%	[2002,2012,2013]	1	[{"kind":"vm","id":11151001,"val":100}]	0	0	0	4	0	150	soldier_atk	150	0
2002	minor	铁壁研修	全兵种防御力+1.5%	[2003,2014,2061]	1	[{"kind":"vm","id":11151001,"val":100}]	0	0	0	7	0	150	soldier_def	130	75
2003	minor	锋锐战法	造成伤害+1%	[2004,2015]	1	[{"kind":"vm","id":11151001,"val":100}]	0	0	0	5	0	100	damage_deal	75	130
2004	minor	坚韧战法	受到伤害-1%	[2005,2016]	1	[{"kind":"vm","id":11151001,"val":100}]	0	0	0	6	0	-100	damage_take	0	150
2005	minor	兵源扩募	部队满编人数+1.5%	[2006,2017]	1	[{"kind":"vm","id":11151001,"val":100}]	0	0	0	1	0	150	soldier_count	-75	130
2006	minor	工造之术	采集速度+1.5%	[2007,2018]	1	[{"kind":"vm","id":11151001,"val":100}]	0	0	0	2	0	150	gather_speed	-130	75
2007	minor	辎重之道	部队负重+1%	[2008,2019]	1	[{"kind":"vm","id":11151001,"val":100}]	0	0	0	3	0	100	load_capacity	-150	0
2008	minor	兵源扩募	部队满编人数+1.5%	[2009,2020,2064]	1	[{"kind":"vm","id":11151001,"val":100}]	0	0	0	1	0	150	soldier_count	-130	-75
2009	minor	工造之术	采集速度+1.5%	[2010,2021]	1	[{"kind":"vm","id":11151001,"val":100}]	0	0	0	2	0	150	gather_speed	-75	-130
2010	minor	辎重之道	部队负重+1%	[2011,2022]	1	[{"kind":"vm","id":11151001,"val":100}]	0	0	0	3	0	100	load_capacity	0	-150
2011	minor	战力精研	全兵种战力+1.5%	[2012,2023]	1	[{"kind":"vm","id":11151001,"val":100}]	0	0	0	4	0	150	soldier_atk	75	-130
2012	minor	铁壁研修	全兵种防御力+1.5%	[2024]	1	[{"kind":"vm","id":11151001,"val":100}]	0	0	0	7	0	150	soldier_def	130	-75
2013	minor	锋锐战法	造成伤害+1%	[2014,2024,2025]	2	[{"kind":"vm","id":11151001,"val":200}]	0	0	0	5	0	100	damage_deal	250	0
2014	minor	坚韧战法	受到伤害-1%	[2015,2026]	2	[{"kind":"vm","id":11151001,"val":200}]	0	0	0	6	0	-100	damage_take	217	125
2015	minor	兵源扩募	部队满编人数+1.5%	[2016,2027]	2	[{"kind":"vm","id":11151001,"val":200}]	0	0	0	1	0	150	soldier_count	125	217
2016	minor	工造之术	采集速度+1.5%	[2017,2028]	2	[{"kind":"vm","id":11151001,"val":200}]	0	0	0	2	0	150	gather_speed	0	250
2017	minor	辎重之道	部队负重+1%	[2018,2029]	2	[{"kind":"vm","id":11151001,"val":200}]	0	0	0	3	0	100	load_capacity	-125	217
2018	minor	兵源扩募	部队满编人数+1.5%	[2019,2030]	2	[{"kind":"vm","id":11151001,"val":200}]	0	0	0	1	0	150	soldier_count	-217	125
2019	minor	工造之术	采集速度+1.5%	[2020,2031]	2	[{"kind":"vm","id":11151001,"val":200}]	0	0	0	2	0	150	gather_speed	-250	0
2020	minor	战力精研	全兵种战力+1.5%	[2021,2032]	2	[{"kind":"vm","id":11151001,"val":200}]	0	0	0	4	0	150	soldier_atk	-217	-125
2021	minor	铁壁研修	全兵种防御力+1.5%	[2022,2033]	2	[{"kind":"vm","id":11151001,"val":200}]	0	0	0	7	0	150	soldier_def	-125	-217
2022	minor	锋锐战法	造成伤害+1%	[2023,2034]	2	[{"kind":"vm","id":11151001,"val":200}]	0	0	0	5	0	100	damage_deal	0	-250
2023	minor	坚韧战法	受到伤害-1%	[2024,2035]	2	[{"kind":"vm","id":11151001,"val":200}]	0	0	0	6	0	-100	damage_take	125	-217
2024	minor	辎重之道	部队负重+1%	[2036]	2	[{"kind":"vm","id":11151001,"val":200}]	0	0	0	3	0	100	load_capacity	217	-125
2025	minor	兵源扩募	部队满编人数+1.5%	[2036]	2	[{"kind":"vm","id":11151001,"val":200}]	0	0	0	1	0	150	soldier_count	350	0
2026	minor	工造之术	采集速度+1.5%	[2027]	3	[{"kind":"vm","id":11151001,"val":300}]	0	0	0	2	0	150	gather_speed	303	175
2027	minor	辎重之道	部队负重+1%	[]	3	[{"kind":"vm","id":11151001,"val":300}]	0	0	0	3	0	100	load_capacity	175	303
2028	minor	兵源扩募	部队满编人数+1.5%	[2029]	3	[{"kind":"vm","id":11151001,"val":300}]	0	0	0	1	0	150	soldier_count	0	350
2029	minor	工造之术	采集速度+1.5%	[2030,2037]	3	[{"kind":"vm","id":11151001,"val":300}]	0	0	0	2	0	150	gather_speed	-175	303
2030	minor	战力精研	全兵种战力+1.5%	[2031,2038]	3	[{"kind":"vm","id":11151001,"val":300}]	0	0	0	4	0	150	soldier_atk	-303	175
2031	minor	铁壁研修	全兵种防御力+1.5%	[2032,2039]	3	[{"kind":"vm","id":11151001,"val":300}]	0	0	0	7	0	150	soldier_def	-350	0
2032	minor	锋锐战法	造成伤害+1%	[2033,2040]	3	[{"kind":"vm","id":11151001,"val":300}]	0	0	0	5	0	100	damage_deal	-303	-175
2033	minor	坚韧战法	受到伤害-1%	[2034,2041]	3	[{"kind":"vm","id":11151001,"val":300}]	0	0	0	6	0	-100	damage_take	-175	-303
2034	minor	辎重之道	部队负重+1%	[2035,2042]	3	[{"kind":"vm","id":11151001,"val":300}]	0	0	0	3	0	100	load_capacity	0	-350
2035	minor	兵源扩募	部队满编人数+1.5%	[2036,2043]	3	[{"kind":"vm","id":11151001,"val":300}]	0	0	0	1	0	150	soldier_count	175	-303
2036	minor	工造之术	采集速度+1.5%	[2044]	3	[{"kind":"vm","id":11151001,"val":300}]	0	0	0	2	0	150	gather_speed	303	-175
2037	minor	战力精研	全兵种战力+1.5%	[2038,2045,2067]	4	[{"kind":"vm","id":11151001,"val":400}]	0	0	0	4	0	150	soldier_atk	-225	390
2038	minor	铁壁研修	全兵种防御力+1.5%	[2039,2046]	4	[{"kind":"vm","id":11151001,"val":400}]	0	0	0	7	0	150	soldier_def	-390	225
2039	minor	锋锐战法	造成伤害+1%	[2040,2047]	4	[{"kind":"vm","id":11151001,"val":400}]	0	0	0	5	0	100	damage_deal	-450	0
2040	minor	坚韧战法	受到伤害-1%	[2041,2048]	4	[{"kind":"vm","id":11151001,"val":400}]	0	0	0	6	0	-100	damage_take	-390	-225
2041	minor	兵源扩募	部队满编人数+1.5%	[2042,2049]	4	[{"kind":"vm","id":11151001,"val":400}]	0	0	0	1	0	150	soldier_count	-225	-390
2042	minor	工造之术	采集速度+1.5%	[2043,2050]	4	[{"kind":"vm","id":11151001,"val":400}]	0	0	0	2	0	150	gather_speed	0	-450
2043	minor	辎重之道	部队负重+1%	[2044,2051]	4	[{"kind":"vm","id":11151001,"val":400}]	0	0	0	3	0	100	load_capacity	225	-390
2044	minor	兵源扩募	部队满编人数+1.5%	[2052]	4	[{"kind":"vm","id":11151001,"val":400}]	0	0	0	1	0	150	soldier_count	390	-225
2045	minor	工造之术	采集速度+1.5%	[]	5	[{"kind":"vm","id":11151001,"val":500}]	0	0	0	2	0	150	gather_speed	-275	476
2046	minor	辎重之道	部队负重+1%	[2047]	5	[{"kind":"vm","id":11151001,"val":500}]	0	0	0	3	0	100	load_capacity	-476	275
2047	minor	战力精研	全兵种战力+1.5%	[]	5	[{"kind":"vm","id":11151001,"val":500}]	0	0	0	4	0	150	soldier_atk	-550	0
2048	minor	铁壁研修	全兵种防御力+1.5%	[2049]	5	[{"kind":"vm","id":11151001,"val":500}]	0	0	0	7	0	150	soldier_def	-476	-275
2049	minor	锋锐战法	造成伤害+1%	[2050,2053]	5	[{"kind":"vm","id":11151001,"val":500}]	0	0	0	5	0	100	damage_deal	-275	-476
2050	minor	坚韧战法	受到伤害-1%	[2051,2054]	5	[{"kind":"vm","id":11151001,"val":500}]	0	0	0	6	0	-100	damage_take	0	-550
2051	minor	兵源扩募	部队满编人数+1.5%	[2052,2055]	5	[{"kind":"vm","id":11151001,"val":500}]	0	0	0	1	0	150	soldier_count	275	-476
2052	minor	工造之术	采集速度+1.5%	[2056]	5	[{"kind":"vm","id":11151001,"val":500}]	0	0	0	2	0	150	gather_speed	476	-275
2053	minor	辎重之道	部队负重+1%	[2054,2057]	6	[{"kind":"vm","id":11151001,"val":600}]	0	0	0	3	0	100	load_capacity	-325	-563
2054	minor	兵源扩募	部队满编人数+1.5%	[2055,2058]	6	[{"kind":"vm","id":11151001,"val":600}]	0	0	0	1	0	150	soldier_count	0	-650
2055	minor	工造之术	采集速度+1.5%	[2056,2059]	6	[{"kind":"vm","id":11151001,"val":600}]	0	0	0	2	0	150	gather_speed	325	-563
2056	minor	战力精研	全兵种战力+1.5%	[2060,2070]	6	[{"kind":"vm","id":11151001,"val":600}]	0	0	0	4	0	150	soldier_atk	563	-325
2057	minor	铁壁研修	全兵种防御力+1.5%	[]	7	[{"kind":"vm","id":11151001,"val":700}]	0	0	0	7	0	150	soldier_def	-375	-650
2058	minor	锋锐战法	造成伤害+1%	[2059]	7	[{"kind":"vm","id":11151001,"val":700}]	0	0	0	5	0	100	damage_deal	0	-750
2059	minor	坚韧战法	受到伤害-1%	[]	7	[{"kind":"vm","id":11151001,"val":700}]	0	0	0	6	0	-100	damage_take	375	-650
2060	minor	辎重之道	部队负重+1%	[]	7	[{"kind":"vm","id":11151001,"val":700}]	0	0	0	3	0	100	load_capacity	650	-375
2061	minor	兵源扩募	部队满编人数+1.5%	[2062]	2	[{"kind":"vm","id":11151001,"val":200}]	0	0	0	1	0	150	soldier_count	154	184
2062	minor	工造之术	采集速度+1.5%	[2063]	3	[{"kind":"vm","id":11151001,"val":300}]	0	0	0	2	0	150	gather_speed	212	253
2063	minor	辎重之道	部队负重+1%	[]	4	[{"kind":"vm","id":11151001,"val":400}]	0	0	0	3	0	100	load_capacity	270	322
2064	minor	兵源扩募	部队满编人数+1.5%	[2065]	2	[{"kind":"vm","id":11151001,"val":200}]	0	0	0	1	0	150	soldier_count	-154	-184
2065	minor	工造之术	采集速度+1.5%	[2066]	3	[{"kind":"vm","id":11151001,"val":300}]	0	0	0	2	0	150	gather_speed	-212	-253
2066	minor	战力精研	全兵种战力+1.5%	[]	4	[{"kind":"vm","id":11151001,"val":400}]	0	0	0	4	0	150	soldier_atk	-270	-322
2067	minor	铁壁研修	全兵种防御力+1.5%	[2068]	5	[{"kind":"vm","id":11151001,"val":500}]	0	0	0	7	0	150	soldier_def	-414	347
2068	minor	锋锐战法	造成伤害+1%	[2069]	6	[{"kind":"vm","id":11151001,"val":600}]	0	0	0	5	0	100	damage_deal	-483	405
2069	minor	坚韧战法	受到伤害-1%	[]	7	[{"kind":"vm","id":11151001,"val":700}]	0	0	0	6	0	-100	damage_take	-552	463
2070	minor	辎重之道	部队负重+1%	[2071]	7	[{"kind":"vm","id":11151001,"val":700}]	0	0	0	3	0	100	load_capacity	729	-128
2071	minor	兵源扩募	部队满编人数+1.5%	[2072]	8	[{"kind":"vm","id":11151001,"val":800}]	0	0	0	1	0	150	soldier_count	817	-144
2072	minor	工造之术	采集速度+1.5%	[]	9	[{"kind":"vm","id":11151001,"val":900}]	0	0	0	2	0	150	gather_speed	906	-160
