id	category	chapter_id	title	description	goal_type	mode	target	param_kind	param_id	param_value	reward	sort
ID	Category	ChapterID	Title	Description	GoalType	Mode	Target	ParamKind	ParamID	ParamValue	Reward	Sort
任务ID	分类(daily/chapter)	章节ID	标题	描述	目标类型	更新模式(add/max/set)	目标值	筛选种类	筛选ID	筛选数值	奖励(JSON)	排序
1001	daily	0	整装出发	成功派出 2 支部队	march	add	2		0	0	[{"kind":"vm","id":11151001,"val":300}]	1
1002	daily	0	勤劳采集	采集并带回 1000 单位资源	gather	add	1000		0	0	[{"kind":"vm","id":11151006,"val":500}]	2
1003	daily	0	赢得战斗	赢得 1 场战斗	battle_win	add	1		0	0	[{"kind":"vm","id":11151007,"val":300}]	3
2001	chapter	1	初入土地	登录游戏	login	max	1		0	0	[{"kind":"vm","id":11151001,"val":500}]	1
2002	chapter	1	建设主城	主城达到 2 级	castle_level	max	2		0	0	[{"kind":"vm","id":11151006,"val":500}]	2
2101	chapter	2	开疆拓土	成功派出 5 支部队	march	add	5		0	0	[{"kind":"vm","id":11151007,"val":800}]	1
3001	chapter	3	扩编队伍	主城达到 3 级	castle_level	max	3		0	0	[{"kind":"vm","id":11151006,"val":900}]	1
3002	chapter	3	完成研究	完成 1 项科技研究	research	add	1		0	0	[{"kind":"vm","id":11151007,"val":900}]	2
3003	chapter	3	再次出发	成功派出 8 支部队	march	add	8		0	0	[{"kind":"vm","id":11151001,"val":700}]	3
4001	chapter	4	稳定供给	采集并带回 5000 单位资源	gather	add	5000		0	0	[{"kind":"vm","id":11151006,"val":1200}]	1
4002	chapter	4	仓储扩容	主城达到 4 级	castle_level	max	4		0	0	[{"kind":"vm","id":11151007,"val":1200}]	2
4003	chapter	4	持续建设	成功派出 12 支部队	march	add	12		0	0	[{"kind":"vm","id":11151008,"val":800}]	3
5001	chapter	5	研究工具	完成 2 项科技研究	march	add	2		0	0	[{"kind":"vm","id":11151008,"val":1400}]	1
5002	chapter	5	高效采集	采集并带回 10000 单位资源	gather	add	10000		0	0	[{"kind":"vm","id":11151006,"val":1500}]	2
5003	chapter	5	发展城镇	主城达到 5 级	castle_level	max	5		0	0	[{"kind":"vm","id":11151001,"val":1600}]	3
6001	chapter	6	首次胜利	赢得 1 场战斗	battle_win	add	1		0	0	[{"kind":"vm","id":11151001,"val":1800}]	1
6002	chapter	6	战斗准备	成功派出 16 支部队	march	add	16		0	0	[{"kind":"vm","id":11151007,"val":1800}]	2
6003	chapter	6	战后补给	采集并带回 15000 单位资源	gather	add	15000		0	0	[{"kind":"vm","id":11151006,"val":1800}]	3
7001	chapter	7	扩张领地	主城达到 7 级	castle_level	max	7		0	0	[{"kind":"vm","id":11151008,"val":2200}]	1
7002	chapter	7	连战连捷	赢得 3 场战斗	battle_win	add	3		0	0	[{"kind":"vm","id":11151001,"val":2200}]	2
7003	chapter	7	调度有方	成功派出 20 支部队	march	add	20		0	0	[{"kind":"vm","id":11151007,"val":2200}]	3
8001	chapter	8	发展动员	主城达到 10 级	castle_level	max	10		0	0	[{"kind":"vm","id":11151001,"val":3000}]	1
8002	chapter	8	决战时刻	赢得 5 场战斗	battle_win	add	5		0	0	[{"kind":"vm","id":11151008,"val":2600}]	2
8003	chapter	8	资源储备	采集并带回 25000 单位资源	gather	add	25000		0	0	[{"kind":"vm","id":11151006,"val":3000}]	3
2003	chapter	1	开采资源	累计采集 2000 点资源	gather	add	2000		0	0	[{"kind":"vm","id":11151007,"val":600}]	3
2102	chapter	2	整备军备	完成 1 次科技研究	research	add	1		0	0	[{"kind":"vm","id":11151008,"val":400}]	2
2103	chapter	2	巡视四方	派出 1 支侦察部队	scout	add	1		0	0	[{"kind":"vm","id":11151001,"val":600}]	3
9001	chapter	9	扩充军备	满编人数达到 1500	soldier_capacity	max	1500		0	0	[{"kind":"vm","id":11151006,"val":1500}]	1
9002	chapter	9	以战养战	战斗胜利 10 次	battle_win	add	10		0	0	[{"kind":"vm","id":11151001,"val":2000}]	2
9003	chapter	9	驰援四方	累计派出 30 支部队	march	add	30		0	0	[{"kind":"vm","id":11151007,"val":1800}]	3
10003	chapter	10	开源节流	领取 10 次福利	benefit_claim	add	10		0	0	[{"kind":"vm","id":11151006,"val":2200}]	3
11001	chapter	11	厚积薄发	科技总等级达到 60	tech_total	max	60		0	0	[{"kind":"vm","id":11151008,"val":1600}]	1
11002	chapter	11	未雨绸缪	扩容 2 次队列	queue_expand	add	2		0	0	[{"kind":"vm","id":11151007,"val":3000}]	2
11003	chapter	11	争分夺秒	加速 10 次作业	queue_boost	add	10		0	0	[{"kind":"vm","id":11151001,"val":3500}]	3
12001	chapter	12	威震一方	战胜其他玩家 10 次	player_battle_win	add	10		0	0	[{"kind":"vm","id":11151008,"val":3000}]	1
12002	chapter	12	以寡敌众	击败 5 级以上敌人 20 次	defeat_level	add	20		0	5	[{"kind":"vm","id":11151001,"val":5000}]	2
12003	chapter	12	富甲一方	持有 200000 金币	asset_own	max	200000	vm	11151001	0	[{"kind":"vm","id":11151006,"val":4000}]	3
9004	chapter	9	固本强基	主城达到 14 级	castle_level	max	14		0	0	[{"kind":"vm","id":11151007,"val":3000}]	4
10004	chapter	10	深筑高垒	主城达到 20 级	castle_level	max	20		0	0	[{"kind":"vm","id":11151008,"val":3500}]	4
11004	chapter	11	雄踞一方	主城达到 28 级	castle_level	max	28		0	0	[{"kind":"vm","id":11151006,"val":4500}]	4
12004	chapter	12	王城盖世	主城达到 36 级	castle_level	max	36		0	0	[{"kind":"vm","id":11151001,"val":8000}]	4
13001	chapter	13	淬炼军备	扩编训练研究到 25 级	tech_level	max	25		1001	0	[{"kind":"vm","id":11151008,"val":4000}]	1
13002	chapter	13	千军列阵	部队满编人数达到 2400	soldier_capacity	max	2400		0	0	[{"kind":"vm","id":11151007,"val":5000}]	2
13003	chapter	13	广积粮草	累计采集 100000 资源	gather	add	100000		0	0	[{"kind":"vm","id":11151006,"val":5500}]	3
13004	chapter	13	固若金汤	主城达到 37 级	castle_level	max	37		0	0	[{"kind":"vm","id":11151001,"val":9000}]	4
14001	chapter	14	精工细作	采集工具研究到 25 级	tech_level	max	25		1002	0	[{"kind":"vm","id":11151008,"val":4500}]	1
14002	chapter	14	日拱一卒	累计签到 7 次	sign_in	add	7		0	0	[{"kind":"vm","id":11151007,"val":5500}]	2
14003	chapter	14	兵锋所指	累计出征 60 次	march	add	60		0	0	[{"kind":"vm","id":11151006,"val":6000}]	3
14004	chapter	14	高城深池	主城达到 38 级	castle_level	max	38		0	0	[{"kind":"vm","id":11151001,"val":10000}]	4
15001	chapter	15	辎重如山	重装辎重研究到 15 级	tech_level	max	15		1003	0	[{"kind":"vm","id":11151008,"val":5000}]	1
15002	chapter	15	富可敌国	持有 600000 金币	asset_own	max	600000	vm	11151001	0	[{"kind":"vm","id":11151007,"val":6000}]	2
15003	chapter	15	所向披靡	击败其他玩家 25 次	player_battle_win	add	25		0	0	[{"kind":"vm","id":11151006,"val":6500}]	3
15004	chapter	15	铜墙铁壁	主城达到 39 级	castle_level	max	39		0	0	[{"kind":"vm","id":11151001,"val":11000}]	4
16001	chapter	16	格物致知	科技总等级达到 150	tech_total	max	150		0	0	[{"kind":"vm","id":11151008,"val":6000}]	1
16002	chapter	16	带甲百万	部队满编人数达到 3000	soldier_capacity	max	3000		0	0	[{"kind":"vm","id":11151007,"val":7000}]	2
16003	chapter	16	以一当十	击败 10 级以上对手 30 次	defeat_level	add	30		0	10	[{"kind":"vm","id":11151006,"val":7500}]	3
16004	chapter	16	王图霸业	主城达到 40 级	castle_level	max	40		0	0	[{"kind":"vm","id":11151001,"val":20000}]	4
