id	level	name	description	need_castle_level	prerequisite_id	prerequisite_level	duration_sec	cost	prop_kind	prop_arg	prop_value	sort	load_bonus
ID	Level	Name	Description	NeedCastleLevel	PrerequisiteID	PrerequisiteLv	DurationSec	Cost	PropKind	PropArg	PropValue	Sort	LoadBonus
科技ID	等级	名称	描述	主城等级	前置科技	前置等级	研究秒数	消耗	属性类型(1满编 2采集 3负重 4兵种攻击 5造成伤害 6受到伤害 7兵种防御)	属性参数(2按资源ID,4/5/6/7按兵种100火200弓300毒400冰,0=全部)	属性值	排序	负重增量(万分比)
1001	1	扩编训练	每级增加5%部队满编人数	1	0	0	600	[{"kind":"vm","id":11151001,"val":300},{"kind":"vm","id":11151006,"val":125},{"kind":"vm","id":11151008,"val":75}]	1	0	500	1	0
1001	2	扩编训练	每级增加5%部队满编人数	2	1001	1	600	[{"kind":"vm","id":11151001,"val":720},{"kind":"vm","id":11151006,"val":300},{"kind":"vm","id":11151008,"val":180}]	1	0	500	1	0
1001	3	扩编训练	每级增加5%部队满编人数	3	1001	2	1212	[{"kind":"vm","id":11151001,"val":1620},{"kind":"vm","id":11151006,"val":675},{"kind":"vm","id":11151008,"val":405}]	1	0	500	1	0
1001	4	扩编训练	每级增加5%部队满编人数	4	1001	3	2160	[{"kind":"vm","id":11151001,"val":2880},{"kind":"vm","id":11151006,"val":1200},{"kind":"vm","id":11151008,"val":720}]	1	0	500	1	0
1001	5	扩编训练	每级增加5%部队满编人数	5	1001	4	3372	[{"kind":"vm","id":11151001,"val":4500},{"kind":"vm","id":11151006,"val":1875},{"kind":"vm","id":11151008,"val":1125}]	1	0	500	1	0
1001	6	扩编训练	每级增加5%部队满编人数	6	1001	5	4860	[{"kind":"vm","id":11151001,"val":6480},{"kind":"vm","id":11151006,"val":2700},{"kind":"vm","id":11151008,"val":1620}]	1	0	500	1	0
1001	7	扩编训练	每级增加5%部队满编人数	7	1001	6	6612	[{"kind":"vm","id":11151001,"val":8820},{"kind":"vm","id":11151006,"val":3675},{"kind":"vm","id":11151008,"val":2205}]	1	0	500	1	0
1001	8	扩编训练	每级增加5%部队满编人数	8	1001	7	8640	[{"kind":"vm","id":11151001,"val":11520},{"kind":"vm","id":11151006,"val":4800},{"kind":"vm","id":11151008,"val":2880}]	1	0	500	1	0
1001	9	扩编训练	每级增加5%部队满编人数	9	1001	8	10932	[{"kind":"vm","id":11151001,"val":14580},{"kind":"vm","id":11151006,"val":6075},{"kind":"vm","id":11151008,"val":3645}]	1	0	500	1	0
1001	10	扩编训练	每级增加5%部队满编人数	10	1001	9	13500	[{"kind":"vm","id":11151001,"val":18000},{"kind":"vm","id":11151006,"val":7500},{"kind":"vm","id":11151008,"val":4500}]	1	0	500	1	0
1001	11	扩编训练	每级增加5%部队满编人数	11	1001	10	16332	[{"kind":"vm","id":11151001,"val":21780},{"kind":"vm","id":11151006,"val":9075},{"kind":"vm","id":11151008,"val":5445}]	1	0	500	1	0
1001	12	扩编训练	每级增加5%部队满编人数	12	1001	11	19440	[{"kind":"vm","id":11151001,"val":25920},{"kind":"vm","id":11151006,"val":10800},{"kind":"vm","id":11151008,"val":6480}]	1	0	500	1	0
1001	13	扩编训练	每级增加5%部队满编人数	13	1001	12	22812	[{"kind":"vm","id":11151001,"val":30420},{"kind":"vm","id":11151006,"val":12675},{"kind":"vm","id":11151008,"val":7605}]	1	0	500	1	0
1001	14	扩编训练	每级增加5%部队满编人数	14	1001	13	26460	[{"kind":"vm","id":11151001,"val":35280},{"kind":"vm","id":11151006,"val":14700},{"kind":"vm","id":11151008,"val":8820}]	1	0	500	1	0
1001	15	扩编训练	每级增加5%部队满编人数	15	1001	14	30372	[{"kind":"vm","id":11151001,"val":40500},{"kind":"vm","id":11151006,"val":16875},{"kind":"vm","id":11151008,"val":10125}]	1	0	500	1	0
1001	16	扩编训练	每级增加5%部队满编人数	16	1001	15	34560	[{"kind":"vm","id":11151001,"val":46080},{"kind":"vm","id":11151006,"val":19200},{"kind":"vm","id":11151008,"val":11520}]	1	0	500	1	0
1001	17	扩编训练	每级增加5%部队满编人数	17	1001	16	39012	[{"kind":"vm","id":11151001,"val":52020},{"kind":"vm","id":11151006,"val":21675},{"kind":"vm","id":11151008,"val":13005}]	1	0	500	1	0
1001	18	扩编训练	每级增加5%部队满编人数	18	1001	17	43740	[{"kind":"vm","id":11151001,"val":58320},{"kind":"vm","id":11151006,"val":24300},{"kind":"vm","id":11151008,"val":14580}]	1	0	500	1	0
1001	19	扩编训练	每级增加5%部队满编人数	19	1001	18	48732	[{"kind":"vm","id":11151001,"val":64980},{"kind":"vm","id":11151006,"val":27075},{"kind":"vm","id":11151008,"val":16245}]	1	0	500	1	0
1001	20	扩编训练	每级增加5%部队满编人数	20	1001	19	54000	[{"kind":"vm","id":11151001,"val":72000},{"kind":"vm","id":11151006,"val":30000},{"kind":"vm","id":11151008,"val":18000}]	1	0	500	1	0
1001	21	扩编训练	每级增加5%部队满编人数	21	1001	20	59532	[{"kind":"vm","id":11151001,"val":79380},{"kind":"vm","id":11151006,"val":33075},{"kind":"vm","id":11151008,"val":19845}]	1	0	500	1	0
1001	22	扩编训练	每级增加5%部队满编人数	22	1001	21	65340	[{"kind":"vm","id":11151001,"val":87120},{"kind":"vm","id":11151006,"val":36300},{"kind":"vm","id":11151008,"val":21780}]	1	0	500	1	0
1001	23	扩编训练	每级增加5%部队满编人数	23	1001	22	71412	[{"kind":"vm","id":11151001,"val":95220},{"kind":"vm","id":11151006,"val":39675},{"kind":"vm","id":11151008,"val":23805}]	1	0	500	1	0
1001	24	扩编训练	每级增加5%部队满编人数	24	1001	23	77760	[{"kind":"vm","id":11151001,"val":103680},{"kind":"vm","id":11151006,"val":43200},{"kind":"vm","id":11151008,"val":25920}]	1	0	500	1	0
1001	25	扩编训练	每级增加5%部队满编人数	25	1001	24	84372	[{"kind":"vm","id":11151001,"val":112500},{"kind":"vm","id":11151006,"val":46875},{"kind":"vm","id":11151008,"val":28125}]	1	0	500	1	0
1001	26	扩编训练	每级增加5%部队满编人数	26	1001	25	91260	[{"kind":"vm","id":11151001,"val":121680},{"kind":"vm","id":11151006,"val":50700},{"kind":"vm","id":11151008,"val":30420}]	1	0	500	1	0
1001	27	扩编训练	每级增加5%部队满编人数	27	1001	26	98412	[{"kind":"vm","id":11151001,"val":131220},{"kind":"vm","id":11151006,"val":54675},{"kind":"vm","id":11151008,"val":32805}]	1	0	500	1	0
1001	28	扩编训练	每级增加5%部队满编人数	28	1001	27	105840	[{"kind":"vm","id":11151001,"val":141120},{"kind":"vm","id":11151006,"val":58800},{"kind":"vm","id":11151008,"val":35280}]	1	0	500	1	0
1001	29	扩编训练	每级增加5%部队满编人数	29	1001	28	113532	[{"kind":"vm","id":11151001,"val":151380},{"kind":"vm","id":11151006,"val":63075},{"kind":"vm","id":11151008,"val":37845}]	1	0	500	1	0
1001	30	扩编训练	每级增加5%部队满编人数	30	1001	29	121500	[{"kind":"vm","id":11151001,"val":162000},{"kind":"vm","id":11151006,"val":67500},{"kind":"vm","id":11151008,"val":40500}]	1	0	500	1	0
1001	31	扩编训练	每级增加5%部队满编人数	31	1001	30	129732	[{"kind":"vm","id":11151001,"val":172980},{"kind":"vm","id":11151006,"val":72075},{"kind":"vm","id":11151008,"val":43245}]	1	0	500	1	0
1001	32	扩编训练	每级增加5%部队满编人数	32	1001	31	138240	[{"kind":"vm","id":11151001,"val":184320},{"kind":"vm","id":11151006,"val":76800},{"kind":"vm","id":11151008,"val":46080}]	1	0	500	1	0
1001	33	扩编训练	每级增加5%部队满编人数	33	1001	32	147012	[{"kind":"vm","id":11151001,"val":196020},{"kind":"vm","id":11151006,"val":81675},{"kind":"vm","id":11151008,"val":49005}]	1	0	500	1	0
1001	34	扩编训练	每级增加5%部队满编人数	34	1001	33	156060	[{"kind":"vm","id":11151001,"val":208080},{"kind":"vm","id":11151006,"val":86700},{"kind":"vm","id":11151008,"val":52020}]	1	0	500	1	0
1001	35	扩编训练	每级增加5%部队满编人数	35	1001	34	165372	[{"kind":"vm","id":11151001,"val":220500},{"kind":"vm","id":11151006,"val":91875},{"kind":"vm","id":11151008,"val":55125}]	1	0	500	1	0
1001	36	扩编训练	每级增加5%部队满编人数	36	1001	35	174960	[{"kind":"vm","id":11151001,"val":233280},{"kind":"vm","id":11151006,"val":97200},{"kind":"vm","id":11151008,"val":58320}]	1	0	500	1	0
1001	37	扩编训练	每级增加5%部队满编人数	37	1001	36	184812	[{"kind":"vm","id":11151001,"val":246420},{"kind":"vm","id":11151006,"val":102675},{"kind":"vm","id":11151008,"val":61605}]	1	0	500	1	0
1001	38	扩编训练	每级增加5%部队满编人数	38	1001	37	194940	[{"kind":"vm","id":11151001,"val":259920},{"kind":"vm","id":11151006,"val":108300},{"kind":"vm","id":11151008,"val":64980}]	1	0	500	1	0
1001	39	扩编训练	每级增加5%部队满编人数	39	1001	38	205332	[{"kind":"vm","id":11151001,"val":273780},{"kind":"vm","id":11151006,"val":114075},{"kind":"vm","id":11151008,"val":68445}]	1	0	500	1	0
1001	40	扩编训练	每级增加5%部队满编人数	40	1001	39	216000	[{"kind":"vm","id":11151001,"val":288000},{"kind":"vm","id":11151006,"val":120000},{"kind":"vm","id":11151008,"val":72000}]	1	0	500	1	0
1002	1	采集工具	每级增加5%采集速度与负重	1	0	0	600	[{"kind":"vm","id":11151006,"val":216},{"kind":"vm","id":11151007,"val":90},{"kind":"vm","id":11151008,"val":54}]	2	0	500	2	500
1002	2	采集工具	每级增加5%采集速度与负重	2	1002	1	720	[{"kind":"vm","id":11151006,"val":540},{"kind":"vm","id":11151007,"val":225},{"kind":"vm","id":11151008,"val":135}]	2	0	500	2	500
1002	3	采集工具	每级增加5%采集速度与负重	3	1002	2	1620	[{"kind":"vm","id":11151006,"val":1215},{"kind":"vm","id":11151007,"val":506},{"kind":"vm","id":11151008,"val":304}]	2	0	500	2	500
1002	4	采集工具	每级增加5%采集速度与负重	4	1002	3	2880	[{"kind":"vm","id":11151006,"val":2160},{"kind":"vm","id":11151007,"val":900},{"kind":"vm","id":11151008,"val":540}]	2	0	500	2	500
1002	5	采集工具	每级增加5%采集速度与负重	5	1002	4	4500	[{"kind":"vm","id":11151006,"val":3375},{"kind":"vm","id":11151007,"val":1406},{"kind":"vm","id":11151008,"val":844}]	2	0	500	2	500
1002	6	采集工具	每级增加5%采集速度与负重	6	1002	5	6480	[{"kind":"vm","id":11151006,"val":8100},{"kind":"vm","id":11151007,"val":3375},{"kind":"vm","id":11151008,"val":2025}]	2	0	500	2	500
1002	7	采集工具	每级增加5%采集速度与负重	7	1002	6	8820	[{"kind":"vm","id":11151006,"val":11025},{"kind":"vm","id":11151007,"val":4594},{"kind":"vm","id":11151008,"val":2756}]	2	0	500	2	500
1002	8	采集工具	每级增加5%采集速度与负重	8	1002	7	11520	[{"kind":"vm","id":11151006,"val":14400},{"kind":"vm","id":11151007,"val":6000},{"kind":"vm","id":11151008,"val":3600}]	2	0	500	2	500
1002	9	采集工具	每级增加5%采集速度与负重	9	1002	8	14580	[{"kind":"vm","id":11151006,"val":18225},{"kind":"vm","id":11151007,"val":7594},{"kind":"vm","id":11151008,"val":4556}]	2	0	500	2	500
1002	10	采集工具	每级增加5%采集速度与负重	10	1002	9	18000	[{"kind":"vm","id":11151006,"val":22500},{"kind":"vm","id":11151007,"val":9375},{"kind":"vm","id":11151008,"val":5625}]	2	0	500	2	500
1002	11	采集工具	每级增加5%采集速度与负重	11	1002	10	21780	[{"kind":"vm","id":11151006,"val":27225},{"kind":"vm","id":11151007,"val":11344},{"kind":"vm","id":11151008,"val":6806}]	2	0	500	2	500
1002	12	采集工具	每级增加5%采集速度与负重	12	1002	11	25920	[{"kind":"vm","id":11151006,"val":32400},{"kind":"vm","id":11151007,"val":13500},{"kind":"vm","id":11151008,"val":8100}]	2	0	500	2	500
1002	13	采集工具	每级增加5%采集速度与负重	13	1002	12	30420	[{"kind":"vm","id":11151006,"val":38025},{"kind":"vm","id":11151007,"val":15844},{"kind":"vm","id":11151008,"val":9506}]	2	0	500	2	500
1002	14	采集工具	每级增加5%采集速度与负重	14	1002	13	35280	[{"kind":"vm","id":11151006,"val":44100},{"kind":"vm","id":11151007,"val":18375},{"kind":"vm","id":11151008,"val":11025}]	2	0	500	2	500
1002	15	采集工具	每级增加5%采集速度与负重	15	1002	14	40500	[{"kind":"vm","id":11151006,"val":50625},{"kind":"vm","id":11151007,"val":21094},{"kind":"vm","id":11151008,"val":12656}]	2	0	500	2	500
1002	16	采集工具	每级增加5%采集速度与负重	16	1002	15	46080	[{"kind":"vm","id":11151006,"val":57600},{"kind":"vm","id":11151007,"val":24000},{"kind":"vm","id":11151008,"val":14400}]	2	0	500	2	500
1002	17	采集工具	每级增加5%采集速度与负重	17	1002	16	52020	[{"kind":"vm","id":11151006,"val":65025},{"kind":"vm","id":11151007,"val":27094},{"kind":"vm","id":11151008,"val":16256}]	2	0	500	2	500
1002	18	采集工具	每级增加5%采集速度与负重	18	1002	17	58320	[{"kind":"vm","id":11151006,"val":72900},{"kind":"vm","id":11151007,"val":30375},{"kind":"vm","id":11151008,"val":18225}]	2	0	500	2	500
1002	19	采集工具	每级增加5%采集速度与负重	19	1002	18	64980	[{"kind":"vm","id":11151006,"val":81225},{"kind":"vm","id":11151007,"val":33844},{"kind":"vm","id":11151008,"val":20306}]	2	0	500	2	500
1002	20	采集工具	每级增加5%采集速度与负重	20	1002	19	72000	[{"kind":"vm","id":11151006,"val":90000},{"kind":"vm","id":11151007,"val":37500},{"kind":"vm","id":11151008,"val":22500}]	2	0	500	2	500
1002	21	采集工具	每级增加5%采集速度与5%部队负重	21	1002	20	79380	[{"kind":"vm","id":11151006,"val":99225},{"kind":"vm","id":11151007,"val":41344},{"kind":"vm","id":11151008,"val":24806}]	2	0	500	2	500
1002	22	采集工具	每级增加5%采集速度与5%部队负重	22	1002	21	87120	[{"kind":"vm","id":11151006,"val":108900},{"kind":"vm","id":11151007,"val":45375},{"kind":"vm","id":11151008,"val":27225}]	2	0	500	2	500
1002	23	采集工具	每级增加5%采集速度与5%部队负重	23	1002	22	95220	[{"kind":"vm","id":11151006,"val":119025},{"kind":"vm","id":11151007,"val":49594},{"kind":"vm","id":11151008,"val":29756}]	2	0	500	2	500
1002	24	采集工具	每级增加5%采集速度与5%部队负重	24	1002	23	103680	[{"kind":"vm","id":11151006,"val":129600},{"kind":"vm","id":11151007,"val":54000},{"kind":"vm","id":11151008,"val":32400}]	2	0	500	2	500
1002	25	采集工具	每级增加5%采集速度与5%部队负重	25	1002	24	112500	[{"kind":"vm","id":11151006,"val":140625},{"kind":"vm","id":11151007,"val":58594},{"kind":"vm","id":11151008,"val":35156}]	2	0	500	2	500
1002	26	采集工具	每级增加5%采集速度与5%部队负重	26	1002	25	121680	[{"kind":"vm","id":11151006,"val":152100},{"kind":"vm","id":11151007,"val":63375},{"kind":"vm","id":11151008,"val":38025}]	2	0	500	2	500
1002	27	采集工具	每级增加5%采集速度与5%部队负重	27	1002	26	131220	[{"kind":"vm","id":11151006,"val":164025},{"kind":"vm","id":11151007,"val":68344},{"kind":"vm","id":11151008,"val":41006}]	2	0	500	2	500
1002	28	采集工具	每级增加5%采集速度与5%部队负重	28	1002	27	141120	[{"kind":"vm","id":11151006,"val":176400},{"kind":"vm","id":11151007,"val":73500},{"kind":"vm","id":11151008,"val":44100}]	2	0	500	2	500
1002	29	采集工具	每级增加5%采集速度与5%部队负重	29	1002	28	151380	[{"kind":"vm","id":11151006,"val":189225},{"kind":"vm","id":11151007,"val":78844},{"kind":"vm","id":11151008,"val":47306}]	2	0	500	2	500
1002	30	采集工具	每级增加5%采集速度与5%部队负重	30	1002	29	162000	[{"kind":"vm","id":11151006,"val":202500},{"kind":"vm","id":11151007,"val":84375},{"kind":"vm","id":11151008,"val":50625}]	2	0	500	2	500
1002	31	采集工具	每级增加5%采集速度与5%部队负重	31	1002	30	172980	[{"kind":"vm","id":11151006,"val":216225},{"kind":"vm","id":11151007,"val":90094},{"kind":"vm","id":11151008,"val":54056}]	2	0	500	2	500
1002	32	采集工具	每级增加5%采集速度与5%部队负重	32	1002	31	184320	[{"kind":"vm","id":11151006,"val":230400},{"kind":"vm","id":11151007,"val":96000},{"kind":"vm","id":11151008,"val":57600}]	2	0	500	2	500
1002	33	采集工具	每级增加5%采集速度与5%部队负重	33	1002	32	196020	[{"kind":"vm","id":11151006,"val":245025},{"kind":"vm","id":11151007,"val":102094},{"kind":"vm","id":11151008,"val":61256}]	2	0	500	2	500
1002	34	采集工具	每级增加5%采集速度与5%部队负重	34	1002	33	208080	[{"kind":"vm","id":11151006,"val":260100},{"kind":"vm","id":11151007,"val":108375},{"kind":"vm","id":11151008,"val":65025}]	2	0	500	2	500
1002	35	采集工具	每级增加5%采集速度与5%部队负重	35	1002	34	220500	[{"kind":"vm","id":11151006,"val":275625},{"kind":"vm","id":11151007,"val":114844},{"kind":"vm","id":11151008,"val":68906}]	2	0	500	2	500
1002	36	采集工具	每级增加5%采集速度与5%部队负重	36	1002	35	233280	[{"kind":"vm","id":11151006,"val":291600},{"kind":"vm","id":11151007,"val":121500},{"kind":"vm","id":11151008,"val":72900}]	2	0	500	2	500
1002	37	采集工具	每级增加5%采集速度与5%部队负重	37	1002	36	246420	[{"kind":"vm","id":11151006,"val":308025},{"kind":"vm","id":11151007,"val":128344},{"kind":"vm","id":11151008,"val":77006}]	2	0	500	2	500
1002	38	采集工具	每级增加5%采集速度与5%部队负重	38	1002	37	259920	[{"kind":"vm","id":11151006,"val":324900},{"kind":"vm","id":11151007,"val":135375},{"kind":"vm","id":11151008,"val":81225}]	2	0	500	2	500
1002	39	采集工具	每级增加5%采集速度与5%部队负重	39	1002	38	273780	[{"kind":"vm","id":11151006,"val":342225},{"kind":"vm","id":11151007,"val":142594},{"kind":"vm","id":11151008,"val":85556}]	2	0	500	2	500
1002	40	采集工具	每级增加5%采集速度与5%部队负重	40	1002	39	288000	[{"kind":"vm","id":11151006,"val":360000},{"kind":"vm","id":11151007,"val":150000},{"kind":"vm","id":11151008,"val":90000}]	2	0	500	2	500
1003	1	重装辎重	每级增加4%部队负重	12	1002	5	3600	[{"kind":"vm","id":11151007,"val":3000},{"kind":"vm","id":11151001,"val":1800},{"kind":"vm","id":11151008,"val":1200}]	3	0	400	3	0
1003	2	重装辎重	每级增加4%部队负重	13	1003	1	1440	[{"kind":"vm","id":11151007,"val":1800},{"kind":"vm","id":11151001,"val":1080},{"kind":"vm","id":11151008,"val":720}]	3	0	400	3	0
1003	3	重装辎重	每级增加4%部队负重	14	1003	2	3240	[{"kind":"vm","id":11151007,"val":4050},{"kind":"vm","id":11151001,"val":2430},{"kind":"vm","id":11151008,"val":1620}]	3	0	400	3	0
1003	4	重装辎重	每级增加4%部队负重	15	1003	3	5760	[{"kind":"vm","id":11151007,"val":7200},{"kind":"vm","id":11151001,"val":4320},{"kind":"vm","id":11151008,"val":2880}]	3	0	400	3	0
1003	5	重装辎重	每级增加4%部队负重	16	1003	4	9000	[{"kind":"vm","id":11151007,"val":11250},{"kind":"vm","id":11151001,"val":6750},{"kind":"vm","id":11151008,"val":4500}]	3	0	400	3	0
1003	6	重装辎重	每级增加4%部队负重	17	1003	5	12960	[{"kind":"vm","id":11151007,"val":16200},{"kind":"vm","id":11151001,"val":9720},{"kind":"vm","id":11151008,"val":6480}]	3	0	400	3	0
1003	7	重装辎重	每级增加4%部队负重	18	1003	6	17640	[{"kind":"vm","id":11151007,"val":22050},{"kind":"vm","id":11151001,"val":13230},{"kind":"vm","id":11151008,"val":8820}]	3	0	400	3	0
1003	8	重装辎重	每级增加4%部队负重	19	1003	7	23040	[{"kind":"vm","id":11151007,"val":28800},{"kind":"vm","id":11151001,"val":17280},{"kind":"vm","id":11151008,"val":11520}]	3	0	400	3	0
1003	9	重装辎重	每级增加4%部队负重	20	1003	8	29160	[{"kind":"vm","id":11151007,"val":36450},{"kind":"vm","id":11151001,"val":21870},{"kind":"vm","id":11151008,"val":14580}]	3	0	400	3	0
1003	10	重装辎重	每级增加4%部队负重	21	1003	9	36000	[{"kind":"vm","id":11151007,"val":45000},{"kind":"vm","id":11151001,"val":27000},{"kind":"vm","id":11151008,"val":18000}]	3	0	400	3	0
1003	11	重装辎重	每级增加4%部队负重	22	1003	10	43560	[{"kind":"vm","id":11151007,"val":54450},{"kind":"vm","id":11151001,"val":32670},{"kind":"vm","id":11151008,"val":21780}]	3	0	400	3	0
1003	12	重装辎重	每级增加4%部队负重	23	1003	11	51840	[{"kind":"vm","id":11151007,"val":64800},{"kind":"vm","id":11151001,"val":38880},{"kind":"vm","id":11151008,"val":25920}]	3	0	400	3	0
1003	13	重装辎重	每级增加4%部队负重	24	1003	12	60840	[{"kind":"vm","id":11151007,"val":76050},{"kind":"vm","id":11151001,"val":45630},{"kind":"vm","id":11151008,"val":30420}]	3	0	400	3	0
1003	14	重装辎重	每级增加4%部队负重	25	1003	13	70560	[{"kind":"vm","id":11151007,"val":88200},{"kind":"vm","id":11151001,"val":52920},{"kind":"vm","id":11151008,"val":35280}]	3	0	400	3	0
1003	15	重装辎重	每级增加4%部队负重	26	1003	14	81000	[{"kind":"vm","id":11151007,"val":101250},{"kind":"vm","id":11151001,"val":60750},{"kind":"vm","id":11151008,"val":40500}]	3	0	400	3	0
1003	16	重装辎重	每级增加4%部队负重	27	1003	15	92160	[{"kind":"vm","id":11151007,"val":115200},{"kind":"vm","id":11151001,"val":69120},{"kind":"vm","id":11151008,"val":46080}]	3	0	400	3	0
1003	17	重装辎重	每级增加4%部队负重	28	1003	16	104040	[{"kind":"vm","id":11151007,"val":130050},{"kind":"vm","id":11151001,"val":78030},{"kind":"vm","id":11151008,"val":52020}]	3	0	400	3	0
1003	18	重装辎重	每级增加4%部队负重	29	1003	17	116640	[{"kind":"vm","id":11151007,"val":145800},{"kind":"vm","id":11151001,"val":87480},{"kind":"vm","id":11151008,"val":58320}]	3	0	400	3	0
1003	19	重装辎重	每级增加4%部队负重	30	1003	18	129960	[{"kind":"vm","id":11151007,"val":162450},{"kind":"vm","id":11151001,"val":97470},{"kind":"vm","id":11151008,"val":64980}]	3	0	400	3	0
1003	20	重装辎重	每级增加4%部队负重	31	1003	19	144000	[{"kind":"vm","id":11151007,"val":180000},{"kind":"vm","id":11151001,"val":108000},{"kind":"vm","id":11151008,"val":72000}]	3	0	400	3	0
1004	1	淘金精研	每级额外增加8%金币采集速度	15	1002	10	5400	[{"kind":"vm","id":11151006,"val":4050},{"kind":"vm","id":11151007,"val":2700},{"kind":"vm","id":11151008,"val":2250}]	2	11151001	800	4	0
1004	2	淘金精研	每级额外增加8%金币采集速度	16	1004	1	1800	[{"kind":"vm","id":11151006,"val":2160},{"kind":"vm","id":11151007,"val":1440},{"kind":"vm","id":11151008,"val":1200}]	2	11151001	800	4	0
1004	3	淘金精研	每级额外增加8%金币采集速度	17	1004	2	4050	[{"kind":"vm","id":11151006,"val":4860},{"kind":"vm","id":11151007,"val":3240},{"kind":"vm","id":11151008,"val":2700}]	2	11151001	800	4	0
1004	4	淘金精研	每级额外增加8%金币采集速度	18	1004	3	7200	[{"kind":"vm","id":11151006,"val":8640},{"kind":"vm","id":11151007,"val":5760},{"kind":"vm","id":11151008,"val":4800}]	2	11151001	800	4	0
1004	5	淘金精研	每级额外增加8%金币采集速度	19	1004	4	11250	[{"kind":"vm","id":11151006,"val":13500},{"kind":"vm","id":11151007,"val":9000},{"kind":"vm","id":11151008,"val":7500}]	2	11151001	800	4	0
1004	6	淘金精研	每级额外增加8%金币采集速度	20	1004	5	16200	[{"kind":"vm","id":11151006,"val":19440},{"kind":"vm","id":11151007,"val":12960},{"kind":"vm","id":11151008,"val":10800}]	2	11151001	800	4	0
1004	7	淘金精研	每级额外增加8%金币采集速度	21	1004	6	22050	[{"kind":"vm","id":11151006,"val":26460},{"kind":"vm","id":11151007,"val":17640},{"kind":"vm","id":11151008,"val":14700}]	2	11151001	800	4	0
1004	8	淘金精研	每级额外增加8%金币采集速度	22	1004	7	28800	[{"kind":"vm","id":11151006,"val":34560},{"kind":"vm","id":11151007,"val":23040},{"kind":"vm","id":11151008,"val":19200}]	2	11151001	800	4	0
1004	9	淘金精研	每级额外增加8%金币采集速度	23	1004	8	36450	[{"kind":"vm","id":11151006,"val":43740},{"kind":"vm","id":11151007,"val":29160},{"kind":"vm","id":11151008,"val":24300}]	2	11151001	800	4	0
1004	10	淘金精研	每级额外增加8%金币采集速度	24	1004	9	45000	[{"kind":"vm","id":11151006,"val":54000},{"kind":"vm","id":11151007,"val":36000},{"kind":"vm","id":11151008,"val":30000}]	2	11151001	800	4	0
1004	11	淘金精研	每级额外增加8%金币采集速度	25	1004	10	54450	[{"kind":"vm","id":11151006,"val":65340},{"kind":"vm","id":11151007,"val":43560},{"kind":"vm","id":11151008,"val":36300}]	2	11151001	800	4	0
1004	12	淘金精研	每级额外增加8%金币采集速度	26	1004	11	64800	[{"kind":"vm","id":11151006,"val":77760},{"kind":"vm","id":11151007,"val":51840},{"kind":"vm","id":11151008,"val":43200}]	2	11151001	800	4	0
1004	13	淘金精研	每级额外增加8%金币采集速度	27	1004	12	76050	[{"kind":"vm","id":11151006,"val":91260},{"kind":"vm","id":11151007,"val":60840},{"kind":"vm","id":11151008,"val":50700}]	2	11151001	800	4	0
1004	14	淘金精研	每级额外增加8%金币采集速度	28	1004	13	88200	[{"kind":"vm","id":11151006,"val":105840},{"kind":"vm","id":11151007,"val":70560},{"kind":"vm","id":11151008,"val":58800}]	2	11151001	800	4	0
1004	15	淘金精研	每级额外增加8%金币采集速度	29	1004	14	101250	[{"kind":"vm","id":11151006,"val":121500},{"kind":"vm","id":11151007,"val":81000},{"kind":"vm","id":11151008,"val":67500}]	2	11151001	800	4	0
1004	16	淘金精研	每级额外增加8%金币采集速度	30	1004	15	115200	[{"kind":"vm","id":11151006,"val":138240},{"kind":"vm","id":11151007,"val":92160},{"kind":"vm","id":11151008,"val":76800}]	2	11151001	800	4	0
1004	17	淘金精研	每级额外增加8%金币采集速度	31	1004	16	130050	[{"kind":"vm","id":11151006,"val":156060},{"kind":"vm","id":11151007,"val":104040},{"kind":"vm","id":11151008,"val":86700}]	2	11151001	800	4	0
1004	18	淘金精研	每级额外增加8%金币采集速度	32	1004	17	145800	[{"kind":"vm","id":11151006,"val":174960},{"kind":"vm","id":11151007,"val":116640},{"kind":"vm","id":11151008,"val":97200}]	2	11151001	800	4	0
1004	19	淘金精研	每级额外增加8%金币采集速度	33	1004	18	162450	[{"kind":"vm","id":11151006,"val":194940},{"kind":"vm","id":11151007,"val":129960},{"kind":"vm","id":11151008,"val":108300}]	2	11151001	800	4	0
1004	20	淘金精研	每级额外增加8%金币采集速度	34	1004	19	180000	[{"kind":"vm","id":11151006,"val":216000},{"kind":"vm","id":11151007,"val":144000},{"kind":"vm","id":11151008,"val":120000}]	2	11151001	800	4	0
1005	1	农耕精研	每级额外增加8%粮草采集速度	15	1002	10	5400	[{"kind":"vm","id":11151001,"val":4050},{"kind":"vm","id":11151007,"val":2700},{"kind":"vm","id":11151008,"val":2250}]	2	11151006	800	5	0
1005	2	农耕精研	每级额外增加8%粮草采集速度	16	1005	1	1800	[{"kind":"vm","id":11151001,"val":2160},{"kind":"vm","id":11151007,"val":1440},{"kind":"vm","id":11151008,"val":1200}]	2	11151006	800	5	0
1005	3	农耕精研	每级额外增加8%粮草采集速度	17	1005	2	4050	[{"kind":"vm","id":11151001,"val":4860},{"kind":"vm","id":11151007,"val":3240},{"kind":"vm","id":11151008,"val":2700}]	2	11151006	800	5	0
1005	4	农耕精研	每级额外增加8%粮草采集速度	18	1005	3	7200	[{"kind":"vm","id":11151001,"val":8640},{"kind":"vm","id":11151007,"val":5760},{"kind":"vm","id":11151008,"val":4800}]	2	11151006	800	5	0
1005	5	农耕精研	每级额外增加8%粮草采集速度	19	1005	4	11250	[{"kind":"vm","id":11151001,"val":13500},{"kind":"vm","id":11151007,"val":9000},{"kind":"vm","id":11151008,"val":7500}]	2	11151006	800	5	0
1005	6	农耕精研	每级额外增加8%粮草采集速度	20	1005	5	16200	[{"kind":"vm","id":11151001,"val":19440},{"kind":"vm","id":11151007,"val":12960},{"kind":"vm","id":11151008,"val":10800}]	2	11151006	800	5	0
1005	7	农耕精研	每级额外增加8%粮草采集速度	21	1005	6	22050	[{"kind":"vm","id":11151001,"val":26460},{"kind":"vm","id":11151007,"val":17640},{"kind":"vm","id":11151008,"val":14700}]	2	11151006	800	5	0
1005	8	农耕精研	每级额外增加8%粮草采集速度	22	1005	7	28800	[{"kind":"vm","id":11151001,"val":34560},{"kind":"vm","id":11151007,"val":23040},{"kind":"vm","id":11151008,"val":19200}]	2	11151006	800	5	0
1005	9	农耕精研	每级额外增加8%粮草采集速度	23	1005	8	36450	[{"kind":"vm","id":11151001,"val":43740},{"kind":"vm","id":11151007,"val":29160},{"kind":"vm","id":11151008,"val":24300}]	2	11151006	800	5	0
1005	10	农耕精研	每级额外增加8%粮草采集速度	24	1005	9	45000	[{"kind":"vm","id":11151001,"val":54000},{"kind":"vm","id":11151007,"val":36000},{"kind":"vm","id":11151008,"val":30000}]	2	11151006	800	5	0
1005	11	农耕精研	每级额外增加8%粮草采集速度	25	1005	10	54450	[{"kind":"vm","id":11151001,"val":65340},{"kind":"vm","id":11151007,"val":43560},{"kind":"vm","id":11151008,"val":36300}]	2	11151006	800	5	0
1005	12	农耕精研	每级额外增加8%粮草采集速度	26	1005	11	64800	[{"kind":"vm","id":11151001,"val":77760},{"kind":"vm","id":11151007,"val":51840},{"kind":"vm","id":11151008,"val":43200}]	2	11151006	800	5	0
1005	13	农耕精研	每级额外增加8%粮草采集速度	27	1005	12	76050	[{"kind":"vm","id":11151001,"val":91260},{"kind":"vm","id":11151007,"val":60840},{"kind":"vm","id":11151008,"val":50700}]	2	11151006	800	5	0
1005	14	农耕精研	每级额外增加8%粮草采集速度	28	1005	13	88200	[{"kind":"vm","id":11151001,"val":105840},{"kind":"vm","id":11151007,"val":70560},{"kind":"vm","id":11151008,"val":58800}]	2	11151006	800	5	0
1005	15	农耕精研	每级额外增加8%粮草采集速度	29	1005	14	101250	[{"kind":"vm","id":11151001,"val":121500},{"kind":"vm","id":11151007,"val":81000},{"kind":"vm","id":11151008,"val":67500}]	2	11151006	800	5	0
1005	16	农耕精研	每级额外增加8%粮草采集速度	30	1005	15	115200	[{"kind":"vm","id":11151001,"val":138240},{"kind":"vm","id":11151007,"val":92160},{"kind":"vm","id":11151008,"val":76800}]	2	11151006	800	5	0
1005	17	农耕精研	每级额外增加8%粮草采集速度	31	1005	16	130050	[{"kind":"vm","id":11151001,"val":156060},{"kind":"vm","id":11151007,"val":104040},{"kind":"vm","id":11151008,"val":86700}]	2	11151006	800	5	0
1005	18	农耕精研	每级额外增加8%粮草采集速度	32	1005	17	145800	[{"kind":"vm","id":11151001,"val":174960},{"kind":"vm","id":11151007,"val":116640},{"kind":"vm","id":11151008,"val":97200}]	2	11151006	800	5	0
1005	19	农耕精研	每级额外增加8%粮草采集速度	33	1005	18	162450	[{"kind":"vm","id":11151001,"val":194940},{"kind":"vm","id":11151007,"val":129960},{"kind":"vm","id":11151008,"val":108300}]	2	11151006	800	5	0
1005	20	农耕精研	每级额外增加8%粮草采集速度	34	1005	19	180000	[{"kind":"vm","id":11151001,"val":216000},{"kind":"vm","id":11151007,"val":144000},{"kind":"vm","id":11151008,"val":120000}]	2	11151006	800	5	0
1006	1	伐木精研	每级额外增加8%木材采集速度	15	1002	10	5400	[{"kind":"vm","id":11151001,"val":4050},{"kind":"vm","id":11151006,"val":2700},{"kind":"vm","id":11151008,"val":2250}]	2	11151007	800	6	0
1006	2	伐木精研	每级额外增加8%木材采集速度	16	1006	1	1800	[{"kind":"vm","id":11151001,"val":2160},{"kind":"vm","id":11151006,"val":1440},{"kind":"vm","id":11151008,"val":1200}]	2	11151007	800	6	0
1006	3	伐木精研	每级额外增加8%木材采集速度	17	1006	2	4050	[{"kind":"vm","id":11151001,"val":4860},{"kind":"vm","id":11151006,"val":3240},{"kind":"vm","id":11151008,"val":2700}]	2	11151007	800	6	0
1006	4	伐木精研	每级额外增加8%木材采集速度	18	1006	3	7200	[{"kind":"vm","id":11151001,"val":8640},{"kind":"vm","id":11151006,"val":5760},{"kind":"vm","id":11151008,"val":4800}]	2	11151007	800	6	0
1006	5	伐木精研	每级额外增加8%木材采集速度	19	1006	4	11250	[{"kind":"vm","id":11151001,"val":13500},{"kind":"vm","id":11151006,"val":9000},{"kind":"vm","id":11151008,"val":7500}]	2	11151007	800	6	0
1006	6	伐木精研	每级额外增加8%木材采集速度	20	1006	5	16200	[{"kind":"vm","id":11151001,"val":19440},{"kind":"vm","id":11151006,"val":12960},{"kind":"vm","id":11151008,"val":10800}]	2	11151007	800	6	0
1006	7	伐木精研	每级额外增加8%木材采集速度	21	1006	6	22050	[{"kind":"vm","id":11151001,"val":26460},{"kind":"vm","id":11151006,"val":17640},{"kind":"vm","id":11151008,"val":14700}]	2	11151007	800	6	0
1006	8	伐木精研	每级额外增加8%木材采集速度	22	1006	7	28800	[{"kind":"vm","id":11151001,"val":34560},{"kind":"vm","id":11151006,"val":23040},{"kind":"vm","id":11151008,"val":19200}]	2	11151007	800	6	0
1006	9	伐木精研	每级额外增加8%木材采集速度	23	1006	8	36450	[{"kind":"vm","id":11151001,"val":43740},{"kind":"vm","id":11151006,"val":29160},{"kind":"vm","id":11151008,"val":24300}]	2	11151007	800	6	0
1006	10	伐木精研	每级额外增加8%木材采集速度	24	1006	9	45000	[{"kind":"vm","id":11151001,"val":54000},{"kind":"vm","id":11151006,"val":36000},{"kind":"vm","id":11151008,"val":30000}]	2	11151007	800	6	0
1006	11	伐木精研	每级额外增加8%木材采集速度	25	1006	10	54450	[{"kind":"vm","id":11151001,"val":65340},{"kind":"vm","id":11151006,"val":43560},{"kind":"vm","id":11151008,"val":36300}]	2	11151007	800	6	0
1006	12	伐木精研	每级额外增加8%木材采集速度	26	1006	11	64800	[{"kind":"vm","id":11151001,"val":77760},{"kind":"vm","id":11151006,"val":51840},{"kind":"vm","id":11151008,"val":43200}]	2	11151007	800	6	0
1006	13	伐木精研	每级额外增加8%木材采集速度	27	1006	12	76050	[{"kind":"vm","id":11151001,"val":91260},{"kind":"vm","id":11151006,"val":60840},{"kind":"vm","id":11151008,"val":50700}]	2	11151007	800	6	0
1006	14	伐木精研	每级额外增加8%木材采集速度	28	1006	13	88200	[{"kind":"vm","id":11151001,"val":105840},{"kind":"vm","id":11151006,"val":70560},{"kind":"vm","id":11151008,"val":58800}]	2	11151007	800	6	0
1006	15	伐木精研	每级额外增加8%木材采集速度	29	1006	14	101250	[{"kind":"vm","id":11151001,"val":121500},{"kind":"vm","id":11151006,"val":81000},{"kind":"vm","id":11151008,"val":67500}]	2	11151007	800	6	0
1006	16	伐木精研	每级额外增加8%木材采集速度	30	1006	15	115200	[{"kind":"vm","id":11151001,"val":138240},{"kind":"vm","id":11151006,"val":92160},{"kind":"vm","id":11151008,"val":76800}]	2	11151007	800	6	0
1006	17	伐木精研	每级额外增加8%木材采集速度	31	1006	16	130050	[{"kind":"vm","id":11151001,"val":156060},{"kind":"vm","id":11151006,"val":104040},{"kind":"vm","id":11151008,"val":86700}]	2	11151007	800	6	0
1006	18	伐木精研	每级额外增加8%木材采集速度	32	1006	17	145800	[{"kind":"vm","id":11151001,"val":174960},{"kind":"vm","id":11151006,"val":116640},{"kind":"vm","id":11151008,"val":97200}]	2	11151007	800	6	0
1006	19	伐木精研	每级额外增加8%木材采集速度	33	1006	18	162450	[{"kind":"vm","id":11151001,"val":194940},{"kind":"vm","id":11151006,"val":129960},{"kind":"vm","id":11151008,"val":108300}]	2	11151007	800	6	0
1006	20	伐木精研	每级额外增加8%木材采集速度	34	1006	19	180000	[{"kind":"vm","id":11151001,"val":216000},{"kind":"vm","id":11151006,"val":144000},{"kind":"vm","id":11151008,"val":120000}]	2	11151007	800	6	0
1007	1	矿冶精研	每级额外增加8%晶矿采集速度	15	1002	10	5400	[{"kind":"vm","id":11151001,"val":4050},{"kind":"vm","id":11151006,"val":2700},{"kind":"vm","id":11151007,"val":2250}]	2	11151008	800	7	0
1007	2	矿冶精研	每级额外增加8%晶矿采集速度	16	1007	1	1800	[{"kind":"vm","id":11151001,"val":2160},{"kind":"vm","id":11151006,"val":1440},{"kind":"vm","id":11151007,"val":1200}]	2	11151008	800	7	0
1007	3	矿冶精研	每级额外增加8%晶矿采集速度	17	1007	2	4050	[{"kind":"vm","id":11151001,"val":4860},{"kind":"vm","id":11151006,"val":3240},{"kind":"vm","id":11151007,"val":2700}]	2	11151008	800	7	0
1007	4	矿冶精研	每级额外增加8%晶矿采集速度	18	1007	3	7200	[{"kind":"vm","id":11151001,"val":8640},{"kind":"vm","id":11151006,"val":5760},{"kind":"vm","id":11151007,"val":4800}]	2	11151008	800	7	0
1007	5	矿冶精研	每级额外增加8%晶矿采集速度	19	1007	4	11250	[{"kind":"vm","id":11151001,"val":13500},{"kind":"vm","id":11151006,"val":9000},{"kind":"vm","id":11151007,"val":7500}]	2	11151008	800	7	0
1007	6	矿冶精研	每级额外增加8%晶矿采集速度	20	1007	5	16200	[{"kind":"vm","id":11151001,"val":19440},{"kind":"vm","id":11151006,"val":12960},{"kind":"vm","id":11151007,"val":10800}]	2	11151008	800	7	0
1007	7	矿冶精研	每级额外增加8%晶矿采集速度	21	1007	6	22050	[{"kind":"vm","id":11151001,"val":26460},{"kind":"vm","id":11151006,"val":17640},{"kind":"vm","id":11151007,"val":14700}]	2	11151008	800	7	0
1007	8	矿冶精研	每级额外增加8%晶矿采集速度	22	1007	7	28800	[{"kind":"vm","id":11151001,"val":34560},{"kind":"vm","id":11151006,"val":23040},{"kind":"vm","id":11151007,"val":19200}]	2	11151008	800	7	0
1007	9	矿冶精研	每级额外增加8%晶矿采集速度	23	1007	8	36450	[{"kind":"vm","id":11151001,"val":43740},{"kind":"vm","id":11151006,"val":29160},{"kind":"vm","id":11151007,"val":24300}]	2	11151008	800	7	0
1007	10	矿冶精研	每级额外增加8%晶矿采集速度	24	1007	9	45000	[{"kind":"vm","id":11151001,"val":54000},{"kind":"vm","id":11151006,"val":36000},{"kind":"vm","id":11151007,"val":30000}]	2	11151008	800	7	0
1007	11	矿冶精研	每级额外增加8%晶矿采集速度	25	1007	10	54450	[{"kind":"vm","id":11151001,"val":65340},{"kind":"vm","id":11151006,"val":43560},{"kind":"vm","id":11151007,"val":36300}]	2	11151008	800	7	0
1007	12	矿冶精研	每级额外增加8%晶矿采集速度	26	1007	11	64800	[{"kind":"vm","id":11151001,"val":77760},{"kind":"vm","id":11151006,"val":51840},{"kind":"vm","id":11151007,"val":43200}]	2	11151008	800	7	0
1007	13	矿冶精研	每级额外增加8%晶矿采集速度	27	1007	12	76050	[{"kind":"vm","id":11151001,"val":91260},{"kind":"vm","id":11151006,"val":60840},{"kind":"vm","id":11151007,"val":50700}]	2	11151008	800	7	0
1007	14	矿冶精研	每级额外增加8%晶矿采集速度	28	1007	13	88200	[{"kind":"vm","id":11151001,"val":105840},{"kind":"vm","id":11151006,"val":70560},{"kind":"vm","id":11151007,"val":58800}]	2	11151008	800	7	0
1007	15	矿冶精研	每级额外增加8%晶矿采集速度	29	1007	14	101250	[{"kind":"vm","id":11151001,"val":121500},{"kind":"vm","id":11151006,"val":81000},{"kind":"vm","id":11151007,"val":67500}]	2	11151008	800	7	0
1007	16	矿冶精研	每级额外增加8%晶矿采集速度	30	1007	15	115200	[{"kind":"vm","id":11151001,"val":138240},{"kind":"vm","id":11151006,"val":92160},{"kind":"vm","id":11151007,"val":76800}]	2	11151008	800	7	0
1007	17	矿冶精研	每级额外增加8%晶矿采集速度	31	1007	16	130050	[{"kind":"vm","id":11151001,"val":156060},{"kind":"vm","id":11151006,"val":104040},{"kind":"vm","id":11151007,"val":86700}]	2	11151008	800	7	0
1007	18	矿冶精研	每级额外增加8%晶矿采集速度	32	1007	17	145800	[{"kind":"vm","id":11151001,"val":174960},{"kind":"vm","id":11151006,"val":116640},{"kind":"vm","id":11151007,"val":97200}]	2	11151008	800	7	0
1007	19	矿冶精研	每级额外增加8%晶矿采集速度	33	1007	18	162450	[{"kind":"vm","id":11151001,"val":194940},{"kind":"vm","id":11151006,"val":129960},{"kind":"vm","id":11151007,"val":108300}]	2	11151008	800	7	0
1007	20	矿冶精研	每级额外增加8%晶矿采集速度	34	1007	19	180000	[{"kind":"vm","id":11151001,"val":216000},{"kind":"vm","id":11151006,"val":144000},{"kind":"vm","id":11151007,"val":120000}]	2	11151008	800	7	0
1008	1	锋锐锻造	每级增加3%全部兵种攻击力	15	1001	10	5400	[{"kind":"vm","id":11151006,"val":4050},{"kind":"vm","id":11151007,"val":2700},{"kind":"vm","id":11151008,"val":2250}]	4	0	300	5	0
1008	2	锋锐锻造	每级增加3%全部兵种攻击力	16	1008	1	1800	[{"kind":"vm","id":11151006,"val":2160},{"kind":"vm","id":11151007,"val":1440},{"kind":"vm","id":11151008,"val":1200}]	4	0	300	5	0
1008	3	锋锐锻造	每级增加3%全部兵种攻击力	17	1008	2	4050	[{"kind":"vm","id":11151006,"val":4860},{"kind":"vm","id":11151007,"val":3240},{"kind":"vm","id":11151008,"val":2700}]	4	0	300	5	0
1008	4	锋锐锻造	每级增加3%全部兵种攻击力	18	1008	3	7200	[{"kind":"vm","id":11151006,"val":8640},{"kind":"vm","id":11151007,"val":5760},{"kind":"vm","id":11151008,"val":4800}]	4	0	300	5	0
1008	5	锋锐锻造	每级增加3%全部兵种攻击力	19	1008	4	11250	[{"kind":"vm","id":11151006,"val":13500},{"kind":"vm","id":11151007,"val":9000},{"kind":"vm","id":11151008,"val":7500}]	4	0	300	5	0
1008	6	锋锐锻造	每级增加3%全部兵种攻击力	20	1008	5	16200	[{"kind":"vm","id":11151006,"val":19440},{"kind":"vm","id":11151007,"val":12960},{"kind":"vm","id":11151008,"val":10800}]	4	0	300	5	0
1008	7	锋锐锻造	每级增加3%全部兵种攻击力	21	1008	6	22050	[{"kind":"vm","id":11151006,"val":26460},{"kind":"vm","id":11151007,"val":17640},{"kind":"vm","id":11151008,"val":14700}]	4	0	300	5	0
1008	8	锋锐锻造	每级增加3%全部兵种攻击力	22	1008	7	28800	[{"kind":"vm","id":11151006,"val":34560},{"kind":"vm","id":11151007,"val":23040},{"kind":"vm","id":11151008,"val":19200}]	4	0	300	5	0
1008	9	锋锐锻造	每级增加3%全部兵种攻击力	23	1008	8	36450	[{"kind":"vm","id":11151006,"val":43740},{"kind":"vm","id":11151007,"val":29160},{"kind":"vm","id":11151008,"val":24300}]	4	0	300	5	0
1008	10	锋锐锻造	每级增加3%全部兵种攻击力	24	1008	9	45000	[{"kind":"vm","id":11151006,"val":54000},{"kind":"vm","id":11151007,"val":36000},{"kind":"vm","id":11151008,"val":30000}]	4	0	300	5	0
1008	11	锋锐锻造	每级增加3%全部兵种攻击力	25	1008	10	54450	[{"kind":"vm","id":11151006,"val":65340},{"kind":"vm","id":11151007,"val":43560},{"kind":"vm","id":11151008,"val":36300}]	4	0	300	5	0
1008	12	锋锐锻造	每级增加3%全部兵种攻击力	26	1008	11	64800	[{"kind":"vm","id":11151006,"val":77760},{"kind":"vm","id":11151007,"val":51840},{"kind":"vm","id":11151008,"val":43200}]	4	0	300	5	0
1008	13	锋锐锻造	每级增加3%全部兵种攻击力	27	1008	12	76050	[{"kind":"vm","id":11151006,"val":91260},{"kind":"vm","id":11151007,"val":60840},{"kind":"vm","id":11151008,"val":50700}]	4	0	300	5	0
1008	14	锋锐锻造	每级增加3%全部兵种攻击力	28	1008	13	88200	[{"kind":"vm","id":11151006,"val":105840},{"kind":"vm","id":11151007,"val":70560},{"kind":"vm","id":11151008,"val":58800}]	4	0	300	5	0
1008	15	锋锐锻造	每级增加3%全部兵种攻击力	29	1008	14	101250	[{"kind":"vm","id":11151006,"val":121500},{"kind":"vm","id":11151007,"val":81000},{"kind":"vm","id":11151008,"val":67500}]	4	0	300	5	0
1008	16	锋锐锻造	每级增加3%全部兵种攻击力	30	1008	15	115200	[{"kind":"vm","id":11151006,"val":138240},{"kind":"vm","id":11151007,"val":92160},{"kind":"vm","id":11151008,"val":76800}]	4	0	300	5	0
1008	17	锋锐锻造	每级增加3%全部兵种攻击力	31	1008	16	130050	[{"kind":"vm","id":11151006,"val":156060},{"kind":"vm","id":11151007,"val":104040},{"kind":"vm","id":11151008,"val":86700}]	4	0	300	5	0
1008	18	锋锐锻造	每级增加3%全部兵种攻击力	32	1008	17	145800	[{"kind":"vm","id":11151006,"val":174960},{"kind":"vm","id":11151007,"val":116640},{"kind":"vm","id":11151008,"val":97200}]	4	0	300	5	0
1008	19	锋锐锻造	每级增加3%全部兵种攻击力	33	1008	18	162450	[{"kind":"vm","id":11151006,"val":194940},{"kind":"vm","id":11151007,"val":129960},{"kind":"vm","id":11151008,"val":108300}]	4	0	300	5	0
1008	20	锋锐锻造	每级增加3%全部兵种攻击力	34	1008	19	180000	[{"kind":"vm","id":11151006,"val":216000},{"kind":"vm","id":11151007,"val":144000},{"kind":"vm","id":11151008,"val":120000}]	4	0	300	5	0
1009	1	烈焰精研	每级增加5%火兵造成的伤害	15	1008	10	5400	[{"kind":"vm","id":11151006,"val":4050},{"kind":"vm","id":11151007,"val":2700},{"kind":"vm","id":11151008,"val":2250}]	5	100	500	6	0
1009	2	烈焰精研	每级增加5%火兵造成的伤害	16	1009	1	1800	[{"kind":"vm","id":11151006,"val":2160},{"kind":"vm","id":11151007,"val":1440},{"kind":"vm","id":11151008,"val":1200}]	5	100	500	6	0
1009	3	烈焰精研	每级增加5%火兵造成的伤害	17	1009	2	4050	[{"kind":"vm","id":11151006,"val":4860},{"kind":"vm","id":11151007,"val":3240},{"kind":"vm","id":11151008,"val":2700}]	5	100	500	6	0
1009	4	烈焰精研	每级增加5%火兵造成的伤害	18	1009	3	7200	[{"kind":"vm","id":11151006,"val":8640},{"kind":"vm","id":11151007,"val":5760},{"kind":"vm","id":11151008,"val":4800}]	5	100	500	6	0
1009	5	烈焰精研	每级增加5%火兵造成的伤害	19	1009	4	11250	[{"kind":"vm","id":11151006,"val":13500},{"kind":"vm","id":11151007,"val":9000},{"kind":"vm","id":11151008,"val":7500}]	5	100	500	6	0
1009	6	烈焰精研	每级增加5%火兵造成的伤害	20	1009	5	16200	[{"kind":"vm","id":11151006,"val":19440},{"kind":"vm","id":11151007,"val":12960},{"kind":"vm","id":11151008,"val":10800}]	5	100	500	6	0
1009	7	烈焰精研	每级增加5%火兵造成的伤害	21	1009	6	22050	[{"kind":"vm","id":11151006,"val":26460},{"kind":"vm","id":11151007,"val":17640},{"kind":"vm","id":11151008,"val":14700}]	5	100	500	6	0
1009	8	烈焰精研	每级增加5%火兵造成的伤害	22	1009	7	28800	[{"kind":"vm","id":11151006,"val":34560},{"kind":"vm","id":11151007,"val":23040},{"kind":"vm","id":11151008,"val":19200}]	5	100	500	6	0
1009	9	烈焰精研	每级增加5%火兵造成的伤害	23	1009	8	36450	[{"kind":"vm","id":11151006,"val":43740},{"kind":"vm","id":11151007,"val":29160},{"kind":"vm","id":11151008,"val":24300}]	5	100	500	6	0
1009	10	烈焰精研	每级增加5%火兵造成的伤害	24	1009	9	45000	[{"kind":"vm","id":11151006,"val":54000},{"kind":"vm","id":11151007,"val":36000},{"kind":"vm","id":11151008,"val":30000}]	5	100	500	6	0
1009	11	烈焰精研	每级增加5%火兵造成的伤害	25	1009	10	54450	[{"kind":"vm","id":11151006,"val":65340},{"kind":"vm","id":11151007,"val":43560},{"kind":"vm","id":11151008,"val":36300}]	5	100	500	6	0
1009	12	烈焰精研	每级增加5%火兵造成的伤害	26	1009	11	64800	[{"kind":"vm","id":11151006,"val":77760},{"kind":"vm","id":11151007,"val":51840},{"kind":"vm","id":11151008,"val":43200}]	5	100	500	6	0
1009	13	烈焰精研	每级增加5%火兵造成的伤害	27	1009	12	76050	[{"kind":"vm","id":11151006,"val":91260},{"kind":"vm","id":11151007,"val":60840},{"kind":"vm","id":11151008,"val":50700}]	5	100	500	6	0
1009	14	烈焰精研	每级增加5%火兵造成的伤害	28	1009	13	88200	[{"kind":"vm","id":11151006,"val":105840},{"kind":"vm","id":11151007,"val":70560},{"kind":"vm","id":11151008,"val":58800}]	5	100	500	6	0
1009	15	烈焰精研	每级增加5%火兵造成的伤害	29	1009	14	101250	[{"kind":"vm","id":11151006,"val":121500},{"kind":"vm","id":11151007,"val":81000},{"kind":"vm","id":11151008,"val":67500}]	5	100	500	6	0
1009	16	烈焰精研	每级增加5%火兵造成的伤害	30	1009	15	115200	[{"kind":"vm","id":11151006,"val":138240},{"kind":"vm","id":11151007,"val":92160},{"kind":"vm","id":11151008,"val":76800}]	5	100	500	6	0
1009	17	烈焰精研	每级增加5%火兵造成的伤害	31	1009	16	130050	[{"kind":"vm","id":11151006,"val":156060},{"kind":"vm","id":11151007,"val":104040},{"kind":"vm","id":11151008,"val":86700}]	5	100	500	6	0
1009	18	烈焰精研	每级增加5%火兵造成的伤害	32	1009	17	145800	[{"kind":"vm","id":11151006,"val":174960},{"kind":"vm","id":11151007,"val":116640},{"kind":"vm","id":11151008,"val":97200}]	5	100	500	6	0
1009	19	烈焰精研	每级增加5%火兵造成的伤害	33	1009	18	162450	[{"kind":"vm","id":11151006,"val":194940},{"kind":"vm","id":11151007,"val":129960},{"kind":"vm","id":11151008,"val":108300}]	5	100	500	6	0
1009	20	烈焰精研	每级增加5%火兵造成的伤害	34	1009	19	180000	[{"kind":"vm","id":11151006,"val":216000},{"kind":"vm","id":11151007,"val":144000},{"kind":"vm","id":11151008,"val":120000}]	5	100	500	6	0
1010	1	劲弓精研	每级增加5%弓兵造成的伤害	15	1008	10	5400	[{"kind":"vm","id":11151006,"val":4050},{"kind":"vm","id":11151007,"val":2700},{"kind":"vm","id":11151008,"val":2250}]	5	200	500	7	0
1010	2	劲弓精研	每级增加5%弓兵造成的伤害	16	1010	1	1800	[{"kind":"vm","id":11151006,"val":2160},{"kind":"vm","id":11151007,"val":1440},{"kind":"vm","id":11151008,"val":1200}]	5	200	500	7	0
1010	3	劲弓精研	每级增加5%弓兵造成的伤害	17	1010	2	4050	[{"kind":"vm","id":11151006,"val":4860},{"kind":"vm","id":11151007,"val":3240},{"kind":"vm","id":11151008,"val":2700}]	5	200	500	7	0
1010	4	劲弓精研	每级增加5%弓兵造成的伤害	18	1010	3	7200	[{"kind":"vm","id":11151006,"val":8640},{"kind":"vm","id":11151007,"val":5760},{"kind":"vm","id":11151008,"val":4800}]	5	200	500	7	0
1010	5	劲弓精研	每级增加5%弓兵造成的伤害	19	1010	4	11250	[{"kind":"vm","id":11151006,"val":13500},{"kind":"vm","id":11151007,"val":9000},{"kind":"vm","id":11151008,"val":7500}]	5	200	500	7	0
1010	6	劲弓精研	每级增加5%弓兵造成的伤害	20	1010	5	16200	[{"kind":"vm","id":11151006,"val":19440},{"kind":"vm","id":11151007,"val":12960},{"kind":"vm","id":11151008,"val":10800}]	5	200	500	7	0
1010	7	劲弓精研	每级增加5%弓兵造成的伤害	21	1010	6	22050	[{"kind":"vm","id":11151006,"val":26460},{"kind":"vm","id":11151007,"val":17640},{"kind":"vm","id":11151008,"val":14700}]	5	200	500	7	0
1010	8	劲弓精研	每级增加5%弓兵造成的伤害	22	1010	7	28800	[{"kind":"vm","id":11151006,"val":34560},{"kind":"vm","id":11151007,"val":23040},{"kind":"vm","id":11151008,"val":19200}]	5	200	500	7	0
1010	9	劲弓精研	每级增加5%弓兵造成的伤害	23	1010	8	36450	[{"kind":"vm","id":11151006,"val":43740},{"kind":"vm","id":11151007,"val":29160},{"kind":"vm","id":11151008,"val":24300}]	5	200	500	7	0
1010	10	劲弓精研	每级增加5%弓兵造成的伤害	24	1010	9	45000	[{"kind":"vm","id":11151006,"val":54000},{"kind":"vm","id":11151007,"val":36000},{"kind":"vm","id":11151008,"val":30000}]	5	200	500	7	0
1010	11	劲弓精研	每级增加5%弓兵造成的伤害	25	1010	10	54450	[{"kind":"vm","id":11151006,"val":65340},{"kind":"vm","id":11151007,"val":43560},{"kind":"vm","id":11151008,"val":36300}]	5	200	500	7	0
1010	12	劲弓精研	每级增加5%弓兵造成的伤害	26	1010	11	64800	[{"kind":"vm","id":11151006,"val":77760},{"kind":"vm","id":11151007,"val":51840},{"kind":"vm","id":11151008,"val":43200}]	5	200	500	7	0
1010	13	劲弓精研	每级增加5%弓兵造成的伤害	27	1010	12	76050	[{"kind":"vm","id":11151006,"val":91260},{"kind":"vm","id":11151007,"val":60840},{"kind":"vm","id":11151008,"val":50700}]	5	200	500	7	0
1010	14	劲弓精研	每级增加5%弓兵造成的伤害	28	1010	13	88200	[{"kind":"vm","id":11151006,"val":105840},{"kind":"vm","id":11151007,"val":70560},{"kind":"vm","id":11151008,"val":58800}]	5	200	500	7	0
1010	15	劲弓精研	每级增加5%弓兵造成的伤害	29	1010	14	101250	[{"kind":"vm","id":11151006,"val":121500},{"kind":"vm","id":11151007,"val":81000},{"kind":"vm","id":11151008,"val":67500}]	5	200	500	7	0
1010	16	劲弓精研	每级增加5%弓兵造成的伤害	30	1010	15	115200	[{"kind":"vm","id":11151006,"val":138240},{"kind":"vm","id":11151007,"val":92160},{"kind":"vm","id":11151008,"val":76800}]	5	200	500	7	0
1010	17	劲弓精研	每级增加5%弓兵造成的伤害	31	1010	16	130050	[{"kind":"vm","id":11151006,"val":156060},{"kind":"vm","id":11151007,"val":104040},{"kind":"vm","id":11151008,"val":86700}]	5	200	500	7	0
1010	18	劲弓精研	每级增加5%弓兵造成的伤害	32	1010	17	145800	[{"kind":"vm","id":11151006,"val":174960},{"kind":"vm","id":11151007,"val":116640},{"kind":"vm","id":11151008,"val":97200}]	5	200	500	7	0
1010	19	劲弓精研	每级增加5%弓兵造成的伤害	33	1010	18	162450	[{"kind":"vm","id":11151006,"val":194940},{"kind":"vm","id":11151007,"val":129960},{"kind":"vm","id":11151008,"val":108300}]	5	200	500	7	0
1010	20	劲弓精研	每级增加5%弓兵造成的伤害	34	1010	19	180000	[{"kind":"vm","id":11151006,"val":216000},{"kind":"vm","id":11151007,"val":144000},{"kind":"vm","id":11151008,"val":120000}]	5	200	500	7	0
1011	1	淬毒精研	每级增加5%毒兵造成的伤害	15	1008	10	5400	[{"kind":"vm","id":11151006,"val":4050},{"kind":"vm","id":11151007,"val":2700},{"kind":"vm","id":11151008,"val":2250}]	5	300	500	8	0
1011	2	淬毒精研	每级增加5%毒兵造成的伤害	16	1011	1	1800	[{"kind":"vm","id":11151006,"val":2160},{"kind":"vm","id":11151007,"val":1440},{"kind":"vm","id":11151008,"val":1200}]	5	300	500	8	0
1011	3	淬毒精研	每级增加5%毒兵造成的伤害	17	1011	2	4050	[{"kind":"vm","id":11151006,"val":4860},{"kind":"vm","id":11151007,"val":3240},{"kind":"vm","id":11151008,"val":2700}]	5	300	500	8	0
1011	4	淬毒精研	每级增加5%毒兵造成的伤害	18	1011	3	7200	[{"kind":"vm","id":11151006,"val":8640},{"kind":"vm","id":11151007,"val":5760},{"kind":"vm","id":11151008,"val":4800}]	5	300	500	8	0
1011	5	淬毒精研	每级增加5%毒兵造成的伤害	19	1011	4	11250	[{"kind":"vm","id":11151006,"val":13500},{"kind":"vm","id":11151007,"val":9000},{"kind":"vm","id":11151008,"val":7500}]	5	300	500	8	0
1011	6	淬毒精研	每级增加5%毒兵造成的伤害	20	1011	5	16200	[{"kind":"vm","id":11151006,"val":19440},{"kind":"vm","id":11151007,"val":12960},{"kind":"vm","id":11151008,"val":10800}]	5	300	500	8	0
1011	7	淬毒精研	每级增加5%毒兵造成的伤害	21	1011	6	22050	[{"kind":"vm","id":11151006,"val":26460},{"kind":"vm","id":11151007,"val":17640},{"kind":"vm","id":11151008,"val":14700}]	5	300	500	8	0
1011	8	淬毒精研	每级增加5%毒兵造成的伤害	22	1011	7	28800	[{"kind":"vm","id":11151006,"val":34560},{"kind":"vm","id":11151007,"val":23040},{"kind":"vm","id":11151008,"val":19200}]	5	300	500	8	0
1011	9	淬毒精研	每级增加5%毒兵造成的伤害	23	1011	8	36450	[{"kind":"vm","id":11151006,"val":43740},{"kind":"vm","id":11151007,"val":29160},{"kind":"vm","id":11151008,"val":24300}]	5	300	500	8	0
1011	10	淬毒精研	每级增加5%毒兵造成的伤害	24	1011	9	45000	[{"kind":"vm","id":11151006,"val":54000},{"kind":"vm","id":11151007,"val":36000},{"kind":"vm","id":11151008,"val":30000}]	5	300	500	8	0
1011	11	淬毒精研	每级增加5%毒兵造成的伤害	25	1011	10	54450	[{"kind":"vm","id":11151006,"val":65340},{"kind":"vm","id":11151007,"val":43560},{"kind":"vm","id":11151008,"val":36300}]	5	300	500	8	0
1011	12	淬毒精研	每级增加5%毒兵造成的伤害	26	1011	11	64800	[{"kind":"vm","id":11151006,"val":77760},{"kind":"vm","id":11151007,"val":51840},{"kind":"vm","id":11151008,"val":43200}]	5	300	500	8	0
1011	13	淬毒精研	每级增加5%毒兵造成的伤害	27	1011	12	76050	[{"kind":"vm","id":11151006,"val":91260},{"kind":"vm","id":11151007,"val":60840},{"kind":"vm","id":11151008,"val":50700}]	5	300	500	8	0
1011	14	淬毒精研	每级增加5%毒兵造成的伤害	28	1011	13	88200	[{"kind":"vm","id":11151006,"val":105840},{"kind":"vm","id":11151007,"val":70560},{"kind":"vm","id":11151008,"val":58800}]	5	300	500	8	0
1011	15	淬毒精研	每级增加5%毒兵造成的伤害	29	1011	14	101250	[{"kind":"vm","id":11151006,"val":121500},{"kind":"vm","id":11151007,"val":81000},{"kind":"vm","id":11151008,"val":67500}]	5	300	500	8	0
1011	16	淬毒精研	每级增加5%毒兵造成的伤害	30	1011	15	115200	[{"kind":"vm","id":11151006,"val":138240},{"kind":"vm","id":11151007,"val":92160},{"kind":"vm","id":11151008,"val":76800}]	5	300	500	8	0
1011	17	淬毒精研	每级增加5%毒兵造成的伤害	31	1011	16	130050	[{"kind":"vm","id":11151006,"val":156060},{"kind":"vm","id":11151007,"val":104040},{"kind":"vm","id":11151008,"val":86700}]	5	300	500	8	0
1011	18	淬毒精研	每级增加5%毒兵造成的伤害	32	1011	17	145800	[{"kind":"vm","id":11151006,"val":174960},{"kind":"vm","id":11151007,"val":116640},{"kind":"vm","id":11151008,"val":97200}]	5	300	500	8	0
1011	19	淬毒精研	每级增加5%毒兵造成的伤害	33	1011	18	162450	[{"kind":"vm","id":11151006,"val":194940},{"kind":"vm","id":11151007,"val":129960},{"kind":"vm","id":11151008,"val":108300}]	5	300	500	8	0
1011	20	淬毒精研	每级增加5%毒兵造成的伤害	34	1011	19	180000	[{"kind":"vm","id":11151006,"val":216000},{"kind":"vm","id":11151007,"val":144000},{"kind":"vm","id":11151008,"val":120000}]	5	300	500	8	0
1012	1	寒锋精研	每级增加5%冰兵造成的伤害	15	1008	10	5400	[{"kind":"vm","id":11151006,"val":4050},{"kind":"vm","id":11151007,"val":2700},{"kind":"vm","id":11151008,"val":2250}]	5	400	500	9	0
1012	2	寒锋精研	每级增加5%冰兵造成的伤害	16	1012	1	1800	[{"kind":"vm","id":11151006,"val":2160},{"kind":"vm","id":11151007,"val":1440},{"kind":"vm","id":11151008,"val":1200}]	5	400	500	9	0
1012	3	寒锋精研	每级增加5%冰兵造成的伤害	17	1012	2	4050	[{"kind":"vm","id":11151006,"val":4860},{"kind":"vm","id":11151007,"val":3240},{"kind":"vm","id":11151008,"val":2700}]	5	400	500	9	0
1012	4	寒锋精研	每级增加5%冰兵造成的伤害	18	1012	3	7200	[{"kind":"vm","id":11151006,"val":8640},{"kind":"vm","id":11151007,"val":5760},{"kind":"vm","id":11151008,"val":4800}]	5	400	500	9	0
1012	5	寒锋精研	每级增加5%冰兵造成的伤害	19	1012	4	11250	[{"kind":"vm","id":11151006,"val":13500},{"kind":"vm","id":11151007,"val":9000},{"kind":"vm","id":11151008,"val":7500}]	5	400	500	9	0
1012	6	寒锋精研	每级增加5%冰兵造成的伤害	20	1012	5	16200	[{"kind":"vm","id":11151006,"val":19440},{"kind":"vm","id":11151007,"val":12960},{"kind":"vm","id":11151008,"val":10800}]	5	400	500	9	0
1012	7	寒锋精研	每级增加5%冰兵造成的伤害	21	1012	6	22050	[{"kind":"vm","id":11151006,"val":26460},{"kind":"vm","id":11151007,"val":17640},{"kind":"vm","id":11151008,"val":14700}]	5	400	500	9	0
1012	8	寒锋精研	每级增加5%冰兵造成的伤害	22	1012	7	28800	[{"kind":"vm","id":11151006,"val":34560},{"kind":"vm","id":11151007,"val":23040},{"kind":"vm","id":11151008,"val":19200}]	5	400	500	9	0
1012	9	寒锋精研	每级增加5%冰兵造成的伤害	23	1012	8	36450	[{"kind":"vm","id":11151006,"val":43740},{"kind":"vm","id":11151007,"val":29160},{"kind":"vm","id":11151008,"val":24300}]	5	400	500	9	0
1012	10	寒锋精研	每级增加5%冰兵造成的伤害	24	1012	9	45000	[{"kind":"vm","id":11151006,"val":54000},{"kind":"vm","id":11151007,"val":36000},{"kind":"vm","id":11151008,"val":30000}]	5	400	500	9	0
1012	11	寒锋精研	每级增加5%冰兵造成的伤害	25	1012	10	54450	[{"kind":"vm","id":11151006,"val":65340},{"kind":"vm","id":11151007,"val":43560},{"kind":"vm","id":11151008,"val":36300}]	5	400	500	9	0
1012	12	寒锋精研	每级增加5%冰兵造成的伤害	26	1012	11	64800	[{"kind":"vm","id":11151006,"val":77760},{"kind":"vm","id":11151007,"val":51840},{"kind":"vm","id":11151008,"val":43200}]	5	400	500	9	0
1012	13	寒锋精研	每级增加5%冰兵造成的伤害	27	1012	12	76050	[{"kind":"vm","id":11151006,"val":91260},{"kind":"vm","id":11151007,"val":60840},{"kind":"vm","id":11151008,"val":50700}]	5	400	500	9	0
1012	14	寒锋精研	每级增加5%冰兵造成的伤害	28	1012	13	88200	[{"kind":"vm","id":11151006,"val":105840},{"kind":"vm","id":11151007,"val":70560},{"kind":"vm","id":11151008,"val":58800}]	5	400	500	9	0
1012	15	寒锋精研	每级增加5%冰兵造成的伤害	29	1012	14	101250	[{"kind":"vm","id":11151006,"val":121500},{"kind":"vm","id":11151007,"val":81000},{"kind":"vm","id":11151008,"val":67500}]	5	400	500	9	0
1012	16	寒锋精研	每级增加5%冰兵造成的伤害	30	1012	15	115200	[{"kind":"vm","id":11151006,"val":138240},{"kind":"vm","id":11151007,"val":92160},{"kind":"vm","id":11151008,"val":76800}]	5	400	500	9	0
1012	17	寒锋精研	每级增加5%冰兵造成的伤害	31	1012	16	130050	[{"kind":"vm","id":11151006,"val":156060},{"kind":"vm","id":11151007,"val":104040},{"kind":"vm","id":11151008,"val":86700}]	5	400	500	9	0
1012	18	寒锋精研	每级增加5%冰兵造成的伤害	32	1012	17	145800	[{"kind":"vm","id":11151006,"val":174960},{"kind":"vm","id":11151007,"val":116640},{"kind":"vm","id":11151008,"val":97200}]	5	400	500	9	0
1012	19	寒锋精研	每级增加5%冰兵造成的伤害	33	1012	18	162450	[{"kind":"vm","id":11151006,"val":194940},{"kind":"vm","id":11151007,"val":129960},{"kind":"vm","id":11151008,"val":108300}]	5	400	500	9	0
1012	20	寒锋精研	每级增加5%冰兵造成的伤害	34	1012	19	180000	[{"kind":"vm","id":11151006,"val":216000},{"kind":"vm","id":11151007,"val":144000},{"kind":"vm","id":11151008,"val":120000}]	5	400	500	9	0
